time_ns,state,state_bits,next_state,next_state_bits,zero,busy,write,set_busy,clr_busy,ld_cnt,cnt_en,addr_sel,zero_we,mem_we,cnt_eq,counter,addr,addrm,dina_high,dcnt_low,din,dinm,dout
5,Init,00,Init,00,0,0,0,0,1,0,0,0,0,0,0,,0x00,0x00,x,x,0x00,0x00,x
15,Init,00,Init,00,0,0,0,0,1,0,0,0,0,0,0,,0x00,0x00,x,x,0x00,0x00,x
25,Init,00,Init,00,0,0,0,0,1,0,0,0,0,0,0,,0x00,0x00,x,x,0x00,0x00,x
35,Init,00,Init,00,0,0,0,0,1,0,0,0,0,0,0,,0xAA,0xAA,x,x,0x55,0x55,0x55
45,Init,00,Init,00,0,0,0,0,1,0,0,0,0,0,0,,0xAA,0xAA,x,x,0x55,0x55,0x55
55,Init,00,Init,00,0,0,0,0,1,0,0,0,0,0,0,,0xFF,0xFF,0xFF,x,0x55,0x55,x
65,Init,00,Init,00,0,0,0,0,1,0,0,0,0,0,0,,0x00,0x00,0xFF,0x00,0x55,0x55,x
75,Load,01,Write,10,0,1,0,1,0,1,0,0,0,0,0,,0x00,0x00,0xFF,0x00,0x55,0x55,x
85,Write,10,Write,10,0,1,0,1,0,0,1,1,1,1,0,0,0x00,0x00,0xFF,0x00,0x55,0x00,x
95,Write,10,Write,10,0,1,0,1,0,0,1,1,1,1,0,1,0x00,0x01,0xFF,0x00,0x55,0x00,x
105,Write,10,Write,10,0,1,0,1,0,0,1,1,1,1,0,2,0x00,0x02,0xFF,0x00,0x55,0x00,x
115,Write,10,Write,10,0,1,0,1,0,0,1,1,1,1,0,3,0x00,0x03,0xFF,0x00,0x55,0x00,x
125,Write,10,Write,10,0,1,0,1,0,0,1,1,1,1,0,4,0x00,0x04,0xFF,0x00,0x55,0x00,x
135,Write,10,Write,10,0,1,0,1,0,0,1,1,1,1,0,5,0x00,0x05,0xFF,0x00,0x55,0x00,x
145,Write,10,Write,10,0,1,0,1,0,0,1,1,1,1,0,6,0x00,0x06,0xFF,0x00,0x55,0x00,x
155,Write,10,Write,10,0,1,0,1,0,0,1,1,1,1,0,7,0x00,0x07,0xFF,0x00,0x55,0x00,x
165,Write,10,Write,10,0,1,0,1,0,0,1,1,1,1,0,8,0x00,0x08,0xFF,0x00,0x55,0x00,x
175,Write,10,Write,10,0,1,0,1,0,0,1,1,1,1,0,9,0x00,0x09,0xFF,0x00,0x55,0x00,x
185,Write,10,Write,10,0,1,0,1,0,0,1,1,1,1,0,10,0x55,0x0A,0xFF,0x00,0xAA,0x00,x
195,Write,10,Write,10,0,1,0,1,0,0,1,1,1,1,0,11,0xFF,0x0B,0xFF,0x00,0xAA,0x00,x
205,Write,10,Write,10,0,1,0,1,0,0,1,1,1,1,0,12,0x00,0x0C,0xFF,0x00,0xAA,0x00,x
215,Write,10,Write,10,0,1,0,1,0,0,1,1,1,1,0,13,0x00,0x0D,0xFF,0x00,0xAA,0x00,x
225,Write,10,Write,10,0,1,0,1,0,0,1,1,1,1,0,14,0x00,0x0E,0xFF,0x00,0xAA,0x00,x
235,Write,10,Write,10,0,1,0,1,0,0,1,1,1,1,0,15,0x00,0x0F,0xFF,0x00,0xAA,0x00,x
245,Write,10,Write,10,0,1,0,1,0,0,1,1,1,1,0,16,0x00,0x10,0xFF,0x00,0xAA,0x00,x
255,Write,10,Write,10,0,1,0,1,0,0,1,1,1,1,0,17,0x00,0x11,0xFF,0x00,0xAA,0x00,x
265,Write,10,Write,10,0,1,0,1,0,0,1,1,1,1,0,18,0x00,0x12,0xFF,0x00,0xAA,0x00,x
275,Write,10,Write,10,0,1,0,1,0,0,1,1,1,1,0,19,0x00,0x13,0xFF,0x00,0xAA,0x00,x
285,Write,10,Write,10,0,1,0,1,0,0,1,1,1,1,0,20,0x00,0x14,0xFF,0x00,0xAA,0x00,x
295,Write,10,Write,10,0,1,0,1,0,0,1,1,1,1,0,21,0x00,0x15,0xFF,0x00,0xAA,0x00,x
305,Write,10,Write,10,0,1,0,1,0,0,1,1,1,1,0,22,0x00,0x16,0xFF,0x00,0xAA,0x00,x
315,Write,10,Write,10,0,1,0,1,0,0,1,1,1,1,0,23,0x00,0x17,0xFF,0x00,0xAA,0x00,x
325,Write,10,Write,10,0,1,0,1,0,0,1,1,1,1,0,24,0x00,0x18,0xFF,0x00,0xAA,0x00,x
335,Write,10,Write,10,0,1,0,1,0,0,1,1,1,1,0,25,0x00,0x19,0xFF,0x00,0xAA,0x00,x
345,Write,10,Write,10,0,1,0,1,0,0,1,1,1,1,0,26,0x00,0x1A,0xFF,0x00,0xAA,0x00,x
355,Write,10,Write,10,0,1,0,1,0,0,1,1,1,1,0,27,0x00,0x1B,0xFF,0x00,0xAA,0x00,x
365,Write,10,Write,10,0,1,0,1,0,0,1,1,1,1,0,28,0x00,0x1C,0xFF,0x00,0xAA,0x00,x
375,Write,10,Write,10,0,1,0,1,0,0,1,1,1,1,0,29,0x00,0x1D,0xFF,0x00,0xAA,0x00,x
385,Write,10,Write,10,0,1,0,1,0,0,1,1,1,1,0,30,0x00,0x1E,0xFF,0x00,0xAA,0x00,x
395,Write,10,Write,10,0,1,0,1,0,0,1,1,1,1,0,31,0x00,0x1F,0xFF,0x00,0xAA,0x00,x
405,Write,10,Write,10,0,1,0,1,0,0,1,1,1,1,0,32,0x00,0x20,0xFF,0x00,0xAA,0x00,x
415,Write,10,Write,10,0,1,0,1,0,0,1,1,1,1,0,33,0x00,0x21,0xFF,0x00,0xAA,0x00,x
425,Write,10,Write,10,0,1,0,1,0,0,1,1,1,1,0,34,0x00,0x22,0xFF,0x00,0xAA,0x00,x
435,Write,10,Write,10,0,1,0,1,0,0,1,1,1,1,0,35,0x00,0x23,0xFF,0x00,0xAA,0x00,x
445,Write,10,Write,10,0,1,0,1,0,0,1,1,1,1,0,36,0x00,0x24,0xFF,0x00,0xAA,0x00,x
455,Write,10,Write,10,0,1,0,1,0,0,1,1,1,1,0,37,0x00,0x25,0xFF,0x00,0xAA,0x00,x
465,Write,10,Write,10,0,1,0,1,0,0,1,1,1,1,0,38,0x00,0x26,0xFF,0x00,0xAA,0x00,x
475,Write,10,Write,10,0,1,0,1,0,0,1,1,1,1,0,39,0x00,0x27,0xFF,0x00,0xAA,0x00,x
485,Write,10,Write,10,0,1,0,1,0,0,1,1,1,1,0,40,0x00,0x28,0xFF,0x00,0xAA,0x00,x
495,Write,10,Write,10,0,1,0,1,0,0,1,1,1,1,0,41,0x00,0x29,0xFF,0x00,0xAA,0x00,x
505,Write,10,Write,10,0,1,0,1,0,0,1,1,1,1,0,42,0x00,0x2A,0xFF,0x00,0xAA,0x00,x
515,Write,10,Write,10,0,1,0,1,0,0,1,1,1,1,0,43,0x00,0x2B,0xFF,0x00,0xAA,0x00,x
525,Write,10,Write,10,0,1,0,1,0,0,1,1,1,1,0,44,0x00,0x2C,0xFF,0x00,0xAA,0x00,x
535,Write,10,Write,10,0,1,0,1,0,0,1,1,1,1,0,45,0x00,0x2D,0xFF,0x00,0xAA,0x00,x
545,Write,10,Write,10,0,1,0,1,0,0,1,1,1,1,0,46,0x00,0x2E,0xFF,0x00,0xAA,0x00,x
555,Write,10,Write,10,0,1,0,1,0,0,1,1,1,1,0,47,0x00,0x2F,0xFF,0x00,0xAA,0x00,x
565,Write,10,Write,10,0,1,0,1,0,0,1,1,1,1,0,48,0x00,0x30,0xFF,0x00,0xAA,0x00,x
575,Write,10,Write,10,0,1,0,1,0,0,1,1,1,1,0,49,0x00,0x31,0xFF,0x00,0xAA,0x00,x
585,Write,10,Write,10,0,1,0,1,0,0,1,1,1,1,0,50,0x00,0x32,0xFF,0x00,0xAA,0x00,x
595,Write,10,Write,10,0,1,0,1,0,0,1,1,1,1,0,51,0x00,0x33,0xFF,0x00,0xAA,0x00,x
605,Write,10,Write,10,0,1,0,1,0,0,1,1,1,1,0,52,0x00,0x34,0xFF,0x00,0xAA,0x00,x
615,Write,10,Write,10,0,1,0,1,0,0,1,1,1,1,0,53,0x00,0x35,0xFF,0x00,0xAA,0x00,x
625,Write,10,Write,10,0,1,0,1,0,0,1,1,1,1,0,54,0x00,0x36,0xFF,0x00,0xAA,0x00,x
635,Write,10,Write,10,0,1,0,1,0,0,1,1,1,1,0,55,0x00,0x37,0xFF,0x00,0xAA,0x00,x
645,Write,10,Write,10,0,1,0,1,0,0,1,1,1,1,0,56,0x00,0x38,0xFF,0x00,0xAA,0x00,x
655,Write,10,Write,10,0,1,0,1,0,0,1,1,1,1,0,57,0x00,0x39,0xFF,0x00,0xAA,0x00,x
665,Write,10,Write,10,0,1,0,1,0,0,1,1,1,1,0,58,0x00,0x3A,0xFF,0x00,0xAA,0x00,x
675,Write,10,Write,10,0,1,0,1,0,0,1,1,1,1,0,59,0x00,0x3B,0xFF,0x00,0xAA,0x00,x
685,Write,10,Write,10,0,1,0,1,0,0,1,1,1,1,0,60,0x00,0x3C,0xFF,0x00,0xAA,0x00,x
695,Write,10,Write,10,0,1,0,1,0,0,1,1,1,1,0,61,0x00,0x3D,0xFF,0x00,0xAA,0x00,x
705,Write,10,Write,10,0,1,0,1,0,0,1,1,1,1,0,62,0x00,0x3E,0xFF,0x00,0xAA,0x00,x
715,Write,10,Write,10,0,1,0,1,0,0,1,1,1,1,0,63,0x00,0x3F,0xFF,0x00,0xAA,0x00,x
725,Write,10,Write,10,0,1,0,1,0,0,1,1,1,1,0,64,0x00,0x40,0xFF,0x00,0xAA,0x00,x
735,Write,10,Write,10,0,1,0,1,0,0,1,1,1,1,0,65,0x00,0x41,0xFF,0x00,0xAA,0x00,x
745,Write,10,Write,10,0,1,0,1,0,0,1,1,1,1,0,66,0x00,0x42,0xFF,0x00,0xAA,0x00,x
755,Write,10,Write,10,0,1,0,1,0,0,1,1,1,1,0,67,0x00,0x43,0xFF,0x00,0xAA,0x00,x
765,Write,10,Write,10,0,1,0,1,0,0,1,1,1,1,0,68,0x00,0x44,0xFF,0x00,0xAA,0x00,x
775,Write,10,Write,10,0,1,0,1,0,0,1,1,1,1,0,69,0x00,0x45,0xFF,0x00,0xAA,0x00,x
785,Write,10,Write,10,0,1,0,1,0,0,1,1,1,1,0,70,0x00,0x46,0xFF,0x00,0xAA,0x00,x
795,Write,10,Write,10,0,1,0,1,0,0,1,1,1,1,0,71,0x00,0x47,0xFF,0x00,0xAA,0x00,x
805,Write,10,Write,10,0,1,0,1,0,0,1,1,1,1,0,72,0x00,0x48,0xFF,0x00,0xAA,0x00,x
815,Write,10,Write,10,0,1,0,1,0,0,1,1,1,1,0,73,0x00,0x49,0xFF,0x00,0xAA,0x00,x
825,Write,10,Write,10,0,1,0,1,0,0,1,1,1,1,0,74,0x00,0x4A,0xFF,0x00,0xAA,0x00,x
835,Write,10,Write,10,0,1,0,1,0,0,1,1,1,1,0,75,0x00,0x4B,0xFF,0x00,0xAA,0x00,x
845,Write,10,Write,10,0,1,0,1,0,0,1,1,1,1,0,76,0x00,0x4C,0xFF,0x00,0xAA,0x00,x
855,Write,10,Write,10,0,1,0,1,0,0,1,1,1,1,0,77,0x00,0x4D,0xFF,0x00,0xAA,0x00,x
865,Write,10,Write,10,0,1,0,1,0,0,1,1,1,1,0,78,0x00,0x4E,0xFF,0x00,0xAA,0x00,x
875,Write,10,Write,10,0,1,0,1,0,0,1,1,1,1,0,79,0x00,0x4F,0xFF,0x00,0xAA,0x00,x
885,Write,10,Write,10,0,1,0,1,0,0,1,1,1,1,0,80,0x00,0x50,0xFF,0x00,0xAA,0x00,x
895,Write,10,Write,10,0,1,0,1,0,0,1,1,1,1,0,81,0x00,0x51,0xFF,0x00,0xAA,0x00,x
905,Write,10,Write,10,0,1,0,1,0,0,1,1,1,1,0,82,0x00,0x52,0xFF,0x00,0xAA,0x00,x
915,Write,10,Write,10,0,1,0,1,0,0,1,1,1,1,0,83,0x00,0x53,0xFF,0x00,0xAA,0x00,x
925,Write,10,Write,10,0,1,0,1,0,0,1,1,1,1,0,84,0x00,0x54,0xFF,0x00,0xAA,0x00,x
935,Write,10,Write,10,0,1,0,1,0,0,1,1,1,1,0,85,0x00,0x55,0xFF,0x00,0xAA,0x00,x
945,Write,10,Write,10,0,1,0,1,0,0,1,1,1,1,0,86,0x00,0x56,0xFF,0x00,0xAA,0x00,x
955,Write,10,Write,10,0,1,0,1,0,0,1,1,1,1,0,87,0x00,0x57,0xFF,0x00,0xAA,0x00,x
965,Write,10,Write,10,0,1,0,1,0,0,1,1,1,1,0,88,0x00,0x58,0xFF,0x00,0xAA,0x00,x
975,Write,10,Write,10,0,1,0,1,0,0,1,1,1,1,0,89,0x00,0x59,0xFF,0x00,0xAA,0x00,x
985,Write,10,Write,10,0,1,0,1,0,0,1,1,1,1,0,90,0x00,0x5A,0xFF,0x00,0xAA,0x00,x
995,Write,10,Write,10,0,1,0,1,0,0,1,1,1,1,0,91,0x00,0x5B,0xFF,0x00,0xAA,0x00,x
1005,Write,10,Write,10,0,1,0,1,0,0,1,1,1,1,0,92,0x00,0x5C,0xFF,0x00,0xAA,0x00,x
1015,Write,10,Write,10,0,1,0,1,0,0,1,1,1,1,0,93,0x00,0x5D,0xFF,0x00,0xAA,0x00,x
1025,Write,10,Write,10,0,1,0,1,0,0,1,1,1,1,0,94,0x00,0x5E,0xFF,0x00,0xAA,0x00,x
1035,Write,10,Write,10,0,1,0,1,0,0,1,1,1,1,0,95,0x00,0x5F,0xFF,0x00,0xAA,0x00,x
1045,Write,10,Write,10,0,1,0,1,0,0,1,1,1,1,0,96,0x00,0x60,0xFF,0x00,0xAA,0x00,x
1055,Write,10,Write,10,0,1,0,1,0,0,1,1,1,1,0,97,0x00,0x61,0xFF,0x00,0xAA,0x00,x
1065,Write,10,Write,10,0,1,0,1,0,0,1,1,1,1,0,98,0x00,0x62,0xFF,0x00,0xAA,0x00,x
1075,Write,10,Write,10,0,1,0,1,0,0,1,1,1,1,0,99,0x00,0x63,0xFF,0x00,0xAA,0x00,x
1085,Write,10,Write,10,0,1,0,1,0,0,1,1,1,1,0,100,0x00,0x64,0xFF,0x00,0xAA,0x00,x
1095,Write,10,Write,10,0,1,0,1,0,0,1,1,1,1,0,101,0x00,0x65,0xFF,0x00,0xAA,0x00,x
1105,Write,10,Write,10,0,1,0,1,0,0,1,1,1,1,0,102,0x00,0x66,0xFF,0x00,0xAA,0x00,x
1115,Write,10,Write,10,0,1,0,1,0,0,1,1,1,1,0,103,0x00,0x67,0xFF,0x00,0xAA,0x00,x
1125,Write,10,Write,10,0,1,0,1,0,0,1,1,1,1,0,104,0x00,0x68,0xFF,0x00,0xAA,0x00,x
1135,Write,10,Write,10,0,1,0,1,0,0,1,1,1,1,0,105,0x00,0x69,0xFF,0x00,0xAA,0x00,x
1145,Write,10,Write,10,0,1,0,1,0,0,1,1,1,1,0,106,0x00,0x6A,0xFF,0x00,0xAA,0x00,x
1155,Write,10,Write,10,0,1,0,1,0,0,1,1,1,1,0,107,0x00,0x6B,0xFF,0x00,0xAA,0x00,x
1165,Write,10,Write,10,0,1,0,1,0,0,1,1,1,1,0,108,0x00,0x6C,0xFF,0x00,0xAA,0x00,x
1175,Write,10,Write,10,0,1,0,1,0,0,1,1,1,1,0,109,0x00,0x6D,0xFF,0x00,0xAA,0x00,x
1185,Write,10,Write,10,0,1,0,1,0,0,1,1,1,1,0,110,0x00,0x6E,0xFF,0x00,0xAA,0x00,x
1195,Write,10,Write,10,0,1,0,1,0,0,1,1,1,1,0,111,0x00,0x6F,0xFF,0x00,0xAA,0x00,x
1205,Write,10,Write,10,0,1,0,1,0,0,1,1,1,1,0,112,0x00,0x70,0xFF,0x00,0xAA,0x00,x
1215,Write,10,Write,10,0,1,0,1,0,0,1,1,1,1,0,113,0x00,0x71,0xFF,0x00,0xAA,0x00,x
1225,Write,10,Write,10,0,1,0,1,0,0,1,1,1,1,0,114,0x00,0x72,0xFF,0x00,0xAA,0x00,x
1235,Write,10,Write,10,0,1,0,1,0,0,1,1,1,1,0,115,0x00,0x73,0xFF,0x00,0xAA,0x00,x
1245,Write,10,Write,10,0,1,0,1,0,0,1,1,1,1,0,116,0x00,0x74,0xFF,0x00,0xAA,0x00,x
1255,Write,10,Write,10,0,1,0,1,0,0,1,1,1,1,0,117,0x00,0x75,0xFF,0x00,0xAA,0x00,x
1265,Write,10,Write,10,0,1,0,1,0,0,1,1,1,1,0,118,0x00,0x76,0xFF,0x00,0xAA,0x00,x
1275,Write,10,Write,10,0,1,0,1,0,0,1,1,1,1,0,119,0x00,0x77,0xFF,0x00,0xAA,0x00,x
1285,Write,10,Write,10,0,1,0,1,0,0,1,1,1,1,0,120,0x00,0x78,0xFF,0x00,0xAA,0x00,x
1295,Write,10,Write,10,0,1,0,1,0,0,1,1,1,1,0,121,0x00,0x79,0xFF,0x00,0xAA,0x00,x
1305,Write,10,Write,10,0,1,0,1,0,0,1,1,1,1,0,122,0x00,0x7A,0xFF,0x00,0xAA,0x00,x
1315,Write,10,Write,10,0,1,0,1,0,0,1,1,1,1,0,123,0x00,0x7B,0xFF,0x00,0xAA,0x00,x
1325,Write,10,Write,10,0,1,0,1,0,0,1,1,1,1,0,124,0x00,0x7C,0xFF,0x00,0xAA,0x00,x
1335,Write,10,Write,10,0,1,0,1,0,0,1,1,1,1,0,125,0x00,0x7D,0xFF,0x00,0xAA,0x00,x
1345,Write,10,Write,10,0,1,0,1,0,0,1,1,1,1,0,126,0x00,0x7E,0xFF,0x00,0xAA,0x00,x
1355,Write,10,Write,10,0,1,0,1,0,0,1,1,1,1,0,127,0x00,0x7F,0xFF,0x00,0xAA,0x00,x
1365,Write,10,Write,10,0,1,0,1,0,0,1,1,1,1,0,128,0x00,0x80,0xFF,0x00,0xAA,0x00,x
1375,Write,10,Write,10,0,1,0,1,0,0,1,1,1,1,0,129,0x00,0x81,0xFF,0x00,0xAA,0x00,x
1385,Write,10,Write,10,0,1,0,1,0,0,1,1,1,1,0,130,0x00,0x82,0xFF,0x00,0xAA,0x00,x
1395,Write,10,Write,10,0,1,0,1,0,0,1,1,1,1,0,131,0x00,0x83,0xFF,0x00,0xAA,0x00,x
1405,Write,10,Write,10,0,1,0,1,0,0,1,1,1,1,0,132,0x00,0x84,0xFF,0x00,0xAA,0x00,x
1415,Write,10,Write,10,0,1,0,1,0,0,1,1,1,1,0,133,0x00,0x85,0xFF,0x00,0xAA,0x00,x
1425,Write,10,Write,10,0,1,0,1,0,0,1,1,1,1,0,134,0x00,0x86,0xFF,0x00,0xAA,0x00,x
1435,Write,10,Write,10,0,1,0,1,0,0,1,1,1,1,0,135,0x00,0x87,0xFF,0x00,0xAA,0x00,x
1445,Write,10,Write,10,0,1,0,1,0,0,1,1,1,1,0,136,0x00,0x88,0xFF,0x00,0xAA,0x00,x
1455,Write,10,Write,10,0,1,0,1,0,0,1,1,1,1,0,137,0x00,0x89,0xFF,0x00,0xAA,0x00,x
1465,Write,10,Write,10,0,1,0,1,0,0,1,1,1,1,0,138,0x00,0x8A,0xFF,0x00,0xAA,0x00,x
1475,Write,10,Write,10,0,1,0,1,0,0,1,1,1,1,0,139,0x00,0x8B,0xFF,0x00,0xAA,0x00,x
1485,Write,10,Write,10,0,1,0,1,0,0,1,1,1,1,0,140,0x00,0x8C,0xFF,0x00,0xAA,0x00,x
1495,Write,10,Write,10,0,1,0,1,0,0,1,1,1,1,0,141,0x00,0x8D,0xFF,0x00,0xAA,0x00,x
1505,Write,10,Write,10,0,1,0,1,0,0,1,1,1,1,0,142,0x00,0x8E,0xFF,0x00,0xAA,0x00,x
1515,Write,10,Write,10,0,1,0,1,0,0,1,1,1,1,0,143,0x00,0x8F,0xFF,0x00,0xAA,0x00,x
1525,Write,10,Write,10,0,1,0,1,0,0,1,1,1,1,0,144,0x00,0x90,0xFF,0x00,0xAA,0x00,x
1535,Write,10,Write,10,0,1,0,1,0,0,1,1,1,1,0,145,0x00,0x91,0xFF,0x00,0xAA,0x00,x
1545,Write,10,Write,10,0,1,0,1,0,0,1,1,1,1,0,146,0x00,0x92,0xFF,0x00,0xAA,0x00,x
1555,Write,10,Write,10,0,1,0,1,0,0,1,1,1,1,0,147,0x00,0x93,0xFF,0x00,0xAA,0x00,x
1565,Write,10,Write,10,0,1,0,1,0,0,1,1,1,1,0,148,0x00,0x94,0xFF,0x00,0xAA,0x00,x
1575,Write,10,Write,10,0,1,0,1,0,0,1,1,1,1,0,149,0x00,0x95,0xFF,0x00,0xAA,0x00,x
1585,Write,10,Write,10,0,1,0,1,0,0,1,1,1,1,0,150,0x00,0x96,0xFF,0x00,0xAA,0x00,x
1595,Write,10,Write,10,0,1,0,1,0,0,1,1,1,1,0,151,0x00,0x97,0xFF,0x00,0xAA,0x00,x
1605,Write,10,Write,10,0,1,0,1,0,0,1,1,1,1,0,152,0x00,0x98,0xFF,0x00,0xAA,0x00,x
1615,Write,10,Write,10,0,1,0,1,0,0,1,1,1,1,0,153,0x00,0x99,0xFF,0x00,0xAA,0x00,x
1625,Write,10,Write,10,0,1,0,1,0,0,1,1,1,1,0,154,0x00,0x9A,0xFF,0x00,0xAA,0x00,x
1635,Write,10,Write,10,0,1,0,1,0,0,1,1,1,1,0,155,0x00,0x9B,0xFF,0x00,0xAA,0x00,x
1645,Write,10,Write,10,0,1,0,1,0,0,1,1,1,1,0,156,0x00,0x9C,0xFF,0x00,0xAA,0x00,x
1655,Write,10,Write,10,0,1,0,1,0,0,1,1,1,1,0,157,0x00,0x9D,0xFF,0x00,0xAA,0x00,x
1665,Write,10,Write,10,0,1,0,1,0,0,1,1,1,1,0,158,0x00,0x9E,0xFF,0x00,0xAA,0x00,x
1675,Write,10,Write,10,0,1,0,1,0,0,1,1,1,1,0,159,0x00,0x9F,0xFF,0x00,0xAA,0x00,x
1685,Write,10,Write,10,0,1,0,1,0,0,1,1,1,1,0,160,0x00,0xA0,0xFF,0x00,0xAA,0x00,x
1695,Write,10,Write,10,0,1,0,1,0,0,1,1,1,1,0,161,0x00,0xA1,0xFF,0x00,0xAA,0x00,x
1705,Write,10,Write,10,0,1,0,1,0,0,1,1,1,1,0,162,0x00,0xA2,0xFF,0x00,0xAA,0x00,x
1715,Write,10,Write,10,0,1,0,1,0,0,1,1,1,1,0,163,0x00,0xA3,0xFF,0x00,0xAA,0x00,x
1725,Write,10,Write,10,0,1,0,1,0,0,1,1,1,1,0,164,0x00,0xA4,0xFF,0x00,0xAA,0x00,x
1735,Write,10,Write,10,0,1,0,1,0,0,1,1,1,1,0,165,0x00,0xA5,0xFF,0x00,0xAA,0x00,x
1745,Write,10,Write,10,0,1,0,1,0,0,1,1,1,1,0,166,0x00,0xA6,0xFF,0x00,0xAA,0x00,x
1755,Write,10,Write,10,0,1,0,1,0,0,1,1,1,1,0,167,0x00,0xA7,0xFF,0x00,0xAA,0x00,x
1765,Write,10,Write,10,0,1,0,1,0,0,1,1,1,1,0,168,0x00,0xA8,0xFF,0x00,0xAA,0x00,x
1775,Write,10,Write,10,0,1,0,1,0,0,1,1,1,1,0,169,0x00,0xA9,0xFF,0x00,0xAA,0x00,x
1785,Write,10,Write,10,0,1,0,1,0,0,1,1,1,1,0,170,0x00,0xAA,0xFF,0x00,0xAA,0x00,0x55
1795,Write,10,Write,10,0,1,0,1,0,0,1,1,1,1,0,171,0x00,0xAB,0xFF,0x00,0xAA,0x00,x
1805,Write,10,Write,10,0,1,0,1,0,0,1,1,1,1,0,172,0x00,0xAC,0xFF,0x00,0xAA,0x00,x
1815,Write,10,Write,10,0,1,0,1,0,0,1,1,1,1,0,173,0x00,0xAD,0xFF,0x00,0xAA,0x00,x
1825,Write,10,Write,10,0,1,0,1,0,0,1,1,1,1,0,174,0x00,0xAE,0xFF,0x00,0xAA,0x00,x
1835,Write,10,Write,10,0,1,0,1,0,0,1,1,1,1,0,175,0x00,0xAF,0xFF,0x00,0xAA,0x00,x
1845,Write,10,Write,10,0,1,0,1,0,0,1,1,1,1,0,176,0x00,0xB0,0xFF,0x00,0xAA,0x00,x
1855,Write,10,Write,10,0,1,0,1,0,0,1,1,1,1,0,177,0x00,0xB1,0xFF,0x00,0xAA,0x00,x
1865,Write,10,Write,10,0,1,0,1,0,0,1,1,1,1,0,178,0x00,0xB2,0xFF,0x00,0xAA,0x00,x
1875,Write,10,Write,10,0,1,0,1,0,0,1,1,1,1,0,179,0x00,0xB3,0xFF,0x00,0xAA,0x00,x
1885,Write,10,Write,10,0,1,0,1,0,0,1,1,1,1,0,180,0x00,0xB4,0xFF,0x00,0xAA,0x00,x
1895,Write,10,Write,10,0,1,0,1,0,0,1,1,1,1,0,181,0x00,0xB5,0xFF,0x00,0xAA,0x00,x
1905,Write,10,Write,10,0,1,0,1,0,0,1,1,1,1,0,182,0x00,0xB6,0xFF,0x00,0xAA,0x00,x
1915,Write,10,Write,10,0,1,0,1,0,0,1,1,1,1,0,183,0x00,0xB7,0xFF,0x00,0xAA,0x00,x
1925,Write,10,Write,10,0,1,0,1,0,0,1,1,1,1,0,184,0x00,0xB8,0xFF,0x00,0xAA,0x00,x
1935,Write,10,Write,10,0,1,0,1,0,0,1,1,1,1,0,185,0x00,0xB9,0xFF,0x00,0xAA,0x00,x
1945,Write,10,Write,10,0,1,0,1,0,0,1,1,1,1,0,186,0x00,0xBA,0xFF,0x00,0xAA,0x00,x
1955,Write,10,Write,10,0,1,0,1,0,0,1,1,1,1,0,187,0x00,0xBB,0xFF,0x00,0xAA,0x00,x
1965,Write,10,Write,10,0,1,0,1,0,0,1,1,1,1,0,188,0x00,0xBC,0xFF,0x00,0xAA,0x00,x
1975,Write,10,Write,10,0,1,0,1,0,0,1,1,1,1,0,189,0x00,0xBD,0xFF,0x00,0xAA,0x00,x
1985,Write,10,Write,10,0,1,0,1,0,0,1,1,1,1,0,190,0x00,0xBE,0xFF,0x00,0xAA,0x00,x
1995,Write,10,Write,10,0,1,0,1,0,0,1,1,1,1,0,191,0x00,0xBF,0xFF,0x00,0xAA,0x00,x
2005,Write,10,Write,10,0,1,0,1,0,0,1,1,1,1,0,192,0x00,0xC0,0xFF,0x00,0xAA,0x00,x
2015,Write,10,Write,10,0,1,0,1,0,0,1,1,1,1,0,193,0x00,0xC1,0xFF,0x00,0xAA,0x00,x
2025,Write,10,Write,10,0,1,0,1,0,0,1,1,1,1,0,194,0x00,0xC2,0xFF,0x00,0xAA,0x00,x
2035,Write,10,Write,10,0,1,0,1,0,0,1,1,1,1,0,195,0x00,0xC3,0xFF,0x00,0xAA,0x00,x
2045,Write,10,Write,10,0,1,0,1,0,0,1,1,1,1,0,196,0x00,0xC4,0xFF,0x00,0xAA,0x00,x
2055,Write,10,Write,10,0,1,0,1,0,0,1,1,1,1,0,197,0x00,0xC5,0xFF,0x00,0xAA,0x00,x
2065,Write,10,Write,10,0,1,0,1,0,0,1,1,1,1,0,198,0x00,0xC6,0xFF,0x00,0xAA,0x00,x
2075,Write,10,Write,10,0,1,0,1,0,0,1,1,1,1,0,199,0x00,0xC7,0xFF,0x00,0xAA,0x00,x
2085,Write,10,Write,10,0,1,0,1,0,0,1,1,1,1,0,200,0x00,0xC8,0xFF,0x00,0xAA,0x00,x
2095,Write,10,Write,10,0,1,0,1,0,0,1,1,1,1,0,201,0x00,0xC9,0xFF,0x00,0xAA,0x00,x
2105,Write,10,Write,10,0,1,0,1,0,0,1,1,1,1,0,202,0x00,0xCA,0xFF,0x00,0xAA,0x00,x
2115,Write,10,Write,10,0,1,0,1,0,0,1,1,1,1,0,203,0x00,0xCB,0xFF,0x00,0xAA,0x00,x
2125,Write,10,Write,10,0,1,0,1,0,0,1,1,1,1,0,204,0x00,0xCC,0xFF,0x00,0xAA,0x00,x
2135,Write,10,Write,10,0,1,0,1,0,0,1,1,1,1,0,205,0x00,0xCD,0xFF,0x00,0xAA,0x00,x
2145,Write,10,Write,10,0,1,0,1,0,0,1,1,1,1,0,206,0x00,0xCE,0xFF,0x00,0xAA,0x00,x
2155,Write,10,Write,10,0,1,0,1,0,0,1,1,1,1,0,207,0x00,0xCF,0xFF,0x00,0xAA,0x00,x
2165,Write,10,Write,10,0,1,0,1,0,0,1,1,1,1,0,208,0x00,0xD0,0xFF,0x00,0xAA,0x00,x
2175,Write,10,Write,10,0,1,0,1,0,0,1,1,1,1,0,209,0x00,0xD1,0xFF,0x00,0xAA,0x00,x
2185,Write,10,Write,10,0,1,0,1,0,0,1,1,1,1,0,210,0x00,0xD2,0xFF,0x00,0xAA,0x00,x
2195,Write,10,Write,10,0,1,0,1,0,0,1,1,1,1,0,211,0x00,0xD3,0xFF,0x00,0xAA,0x00,x
2205,Write,10,Write,10,0,1,0,1,0,0,1,1,1,1,0,212,0x00,0xD4,0xFF,0x00,0xAA,0x00,x
2215,Write,10,Write,10,0,1,0,1,0,0,1,1,1,1,0,213,0x00,0xD5,0xFF,0x00,0xAA,0x00,x
2225,Write,10,Write,10,0,1,0,1,0,0,1,1,1,1,0,214,0x00,0xD6,0xFF,0x00,0xAA,0x00,x
2235,Write,10,Write,10,0,1,0,1,0,0,1,1,1,1,0,215,0x00,0xD7,0xFF,0x00,0xAA,0x00,x
2245,Write,10,Write,10,0,1,0,1,0,0,1,1,1,1,0,216,0x00,0xD8,0xFF,0x00,0xAA,0x00,x
2255,Write,10,Write,10,0,1,0,1,0,0,1,1,1,1,0,217,0x00,0xD9,0xFF,0x00,0xAA,0x00,x
2265,Write,10,Write,10,0,1,0,1,0,0,1,1,1,1,0,218,0x00,0xDA,0xFF,0x00,0xAA,0x00,x
2275,Write,10,Write,10,0,1,0,1,0,0,1,1,1,1,0,219,0x00,0xDB,0xFF,0x00,0xAA,0x00,x
2285,Write,10,Write,10,0,1,0,1,0,0,1,1,1,1,0,220,0x00,0xDC,0xFF,0x00,0xAA,0x00,x
2295,Write,10,Write,10,0,1,0,1,0,0,1,1,1,1,0,221,0x00,0xDD,0xFF,0x00,0xAA,0x00,x
2305,Write,10,Write,10,0,1,0,1,0,0,1,1,1,1,0,222,0x00,0xDE,0xFF,0x00,0xAA,0x00,x
2315,Write,10,Write,10,0,1,0,1,0,0,1,1,1,1,0,223,0x00,0xDF,0xFF,0x00,0xAA,0x00,x
2325,Write,10,Write,10,0,1,0,1,0,0,1,1,1,1,0,224,0x00,0xE0,0xFF,0x00,0xAA,0x00,x
2335,Write,10,Write,10,0,1,0,1,0,0,1,1,1,1,0,225,0x00,0xE1,0xFF,0x00,0xAA,0x00,x
2345,Write,10,Write,10,0,1,0,1,0,0,1,1,1,1,0,226,0x00,0xE2,0xFF,0x00,0xAA,0x00,x
2355,Write,10,Write,10,0,1,0,1,0,0,1,1,1,1,0,227,0x00,0xE3,0xFF,0x00,0xAA,0x00,x
2365,Write,10,Write,10,0,1,0,1,0,0,1,1,1,1,0,228,0x00,0xE4,0xFF,0x00,0xAA,0x00,x
2375,Write,10,Write,10,0,1,0,1,0,0,1,1,1,1,0,229,0x00,0xE5,0xFF,0x00,0xAA,0x00,x
2385,Write,10,Write,10,0,1,0,1,0,0,1,1,1,1,0,230,0x00,0xE6,0xFF,0x00,0xAA,0x00,x
2395,Write,10,Write,10,0,1,0,1,0,0,1,1,1,1,0,231,0x00,0xE7,0xFF,0x00,0xAA,0x00,x
2405,Write,10,Write,10,0,1,0,1,0,0,1,1,1,1,0,232,0x00,0xE8,0xFF,0x00,0xAA,0x00,x
2415,Write,10,Write,10,0,1,0,1,0,0,1,1,1,1,0,233,0x00,0xE9,0xFF,0x00,0xAA,0x00,x
2425,Write,10,Write,10,0,1,0,1,0,0,1,1,1,1,0,234,0x00,0xEA,0xFF,0x00,0xAA,0x00,x
2435,Write,10,Write,10,0,1,0,1,0,0,1,1,1,1,0,235,0x00,0xEB,0xFF,0x00,0xAA,0x00,x
2445,Write,10,Write,10,0,1,0,1,0,0,1,1,1,1,0,236,0x00,0xEC,0xFF,0x00,0xAA,0x00,x
2455,Write,10,Write,10,0,1,0,1,0,0,1,1,1,1,0,237,0x00,0xED,0xFF,0x00,0xAA,0x00,x
2465,Write,10,Write,10,0,1,0,1,0,0,1,1,1,1,0,238,0x00,0xEE,0xFF,0x00,0xAA,0x00,x
2475,Write,10,Write,10,0,1,0,1,0,0,1,1,1,1,0,239,0x00,0xEF,0xFF,0x00,0xAA,0x00,x
2485,Write,10,Write,10,0,1,0,1,0,0,1,1,1,1,0,240,0x00,0xF0,0xFF,0x00,0xAA,0x00,x
2495,Write,10,Write,10,0,1,0,1,0,0,1,1,1,1,0,241,0x00,0xF1,0xFF,0x00,0xAA,0x00,x
2505,Write,10,Write,10,0,1,0,1,0,0,1,1,1,1,0,242,0x00,0xF2,0xFF,0x00,0xAA,0x00,x
2515,Write,10,Write,10,0,1,0,1,0,0,1,1,1,1,0,243,0x00,0xF3,0xFF,0x00,0xAA,0x00,x
2525,Write,10,Write,10,0,1,0,1,0,0,1,1,1,1,0,244,0x00,0xF4,0xFF,0x00,0xAA,0x00,x
2535,Write,10,Write,10,0,1,0,1,0,0,1,1,1,1,0,245,0x00,0xF5,0xFF,0x00,0xAA,0x00,x
2545,Write,10,Write,10,0,1,0,1,0,0,1,1,1,1,0,246,0x00,0xF6,0xFF,0x00,0xAA,0x00,x
2555,Write,10,Write,10,0,1,0,1,0,0,1,1,1,1,0,247,0x00,0xF7,0xFF,0x00,0xAA,0x00,x
2565,Write,10,Write,10,0,1,0,1,0,0,1,1,1,1,0,248,0x00,0xF8,0xFF,0x00,0xAA,0x00,x
2575,Write,10,Write,10,0,1,0,1,0,0,1,1,1,1,0,249,0x00,0xF9,0xFF,0x00,0xAA,0x00,x
2585,Write,10,Write,10,0,1,0,1,0,0,1,1,1,1,0,250,0x00,0xFA,0xFF,0x00,0xAA,0x00,x
2595,Write,10,Write,10,0,1,0,1,0,0,1,1,1,1,0,251,0x00,0xFB,0xFF,0x00,0xAA,0x00,x
2605,Write,10,Write,10,0,1,0,1,0,0,1,1,1,1,0,252,0x00,0xFC,0xFF,0x00,0xAA,0x00,x
2615,Write,10,Write,10,0,1,0,1,0,0,1,1,1,1,0,253,0x00,0xFD,0xFF,0x00,0xAA,0x00,x
2625,Write,10,Write,10,0,1,0,1,0,0,1,1,1,1,0,254,0x00,0xFE,0xFF,0x00,0xAA,0x00,x
2635,Write,10,Init,00,0,1,0,1,0,0,1,1,1,1,1,255,0x00,0xFF,0xFF,0x00,0xAA,0x00,x
2645,Init,00,Init,00,0,1,0,0,1,0,0,0,0,0,0,0,0x00,0x00,0xFF,0x00,0xAA,0xAA,0x00
2655,Init,00,Init,00,0,0,0,0,1,0,0,0,0,0,0,0,0x00,0x00,0xFF,0x00,0xAA,0xAA,0x00
2665,Init,00,Init,00,0,0,0,0,1,0,0,0,0,0,0,0,0x55,0x55,0xFF,0x00,0xAA,0xAA,0x00
2675,Init,00,Init,00,0,0,0,0,1,0,0,0,0,0,0,0,0x55,0x55,0xFF,0x00,0xAA,0xAA,0x00
2685,Init,00,Init,00,0,0,0,0,1,0,0,0,0,0,0,0,0x55,0x55,0xFF,0x00,0xAA,0xAA,0x00
2695,Init,00,Init,00,0,0,0,0,1,0,0,0,0,0,0,0,0x55,0x55,0xFF,0x00,0xAA,0xAA,0x00
2705,Init,00,Init,00,0,0,0,0,1,0,0,0,0,0,0,0,0x55,0x55,0xFF,0x00,0xAA,0xAA,0x00
2715,Init,00,Init,00,0,0,0,0,1,0,0,0,0,0,0,0,0x55,0x55,0xFF,0x00,0xAA,0xAA,0x00
2725,Init,00,Init,00,0,0,0,0,1,0,0,0,0,0,0,0,0x55,0x55,0xFF,0x00,0xAA,0xAA,0x00
2735,Init,00,Init,00,0,0,0,0,1,0,0,0,0,0,0,0,0x55,0x55,0xFF,0x00,0xAA,0xAA,0x00
2745,Init,00,Init,00,0,0,0,0,1,0,0,0,0,0,0,0,0x55,0x55,0xFF,0x00,0xAA,0xAA,0x00
2755,Init,00,Init,00,0,0,0,0,1,0,0,0,0,0,0,0,0x55,0x55,0xFF,0x00,0xAA,0xAA,0x00
2765,Init,00,Init,00,0,0,0,0,1,0,0,0,0,0,0,0,0xFF,0xFF,0xFF,0x00,0xAA,0xAA,0x00
2775,Init,00,Init,00,0,0,0,0,1,0,0,0,0,0,0,0,0x00,0x00,0xFF,0x00,0xAA,0xAA,0x00
2785,Load,01,Write,10,1,1,1,1,0,1,0,0,0,0,0,0,0x33,0x33,0xFF,0x00,0x77,0x77,0x00
2795,Write,10,Write,10,0,1,0,1,0,0,1,1,1,1,0,0,0x33,0x00,0xFF,0x00,0x77,0x00,0x00
2805,Write,10,Write,10,0,1,0,1,0,0,1,1,1,1,0,1,0x33,0x01,0xFF,0x00,0x77,0x00,0x00
2815,Write,10,Write,10,0,1,0,1,0,0,1,1,1,1,0,2,0x33,0x02,0xFF,0x00,0x77,0x00,0x00
2825,Write,10,Write,10,0,1,0,1,0,0,1,1,1,1,0,3,0x33,0x03,0xFF,0x00,0x77,0x00,0x00
2835,Write,10,Write,10,0,1,0,1,0,0,1,1,1,1,0,4,0x33,0x04,0xFF,0x00,0x77,0x00,0x00
2845,Write,10,Write,10,0,1,0,1,0,0,1,1,1,1,0,5,0x33,0x05,0xFF,0x00,0x77,0x00,0x00
2855,Write,10,Write,10,0,1,0,1,0,0,1,1,1,1,0,6,0x33,0x06,0xFF,0x00,0x77,0x00,0x00
2865,Write,10,Write,10,0,1,0,1,0,0,1,1,1,1,0,7,0x33,0x07,0xFF,0x00,0x77,0x00,0x00
2875,Write,10,Write,10,0,1,0,1,0,0,1,1,1,1,0,8,0x33,0x08,0xFF,0x00,0x77,0x00,0x00
2885,Write,10,Write,10,0,1,0,1,0,0,1,1,1,1,0,9,0x33,0x09,0xFF,0x00,0x77,0x00,0x00
2895,Write,10,Write,10,0,1,0,1,0,0,1,1,1,1,0,10,0x33,0x0A,0xFF,0x00,0x77,0x00,0x00
2905,Write,10,Write,10,0,1,0,1,0,0,1,1,1,1,0,11,0xAA,0x0B,0xAA,0x00,0x77,0x00,0x00
2915,Write,10,Write,10,0,1,0,1,0,0,1,1,1,1,0,12,0xAA,0x0C,0xAA,0xAA,0x77,0x00,0x00
2925,Write,10,Write,10,0,1,0,1,0,0,1,1,1,1,0,13,0xAA,0x0D,0xAA,0xAA,0x77,0x00,0x00
2935,Write,10,Write,10,0,1,0,1,0,0,1,1,1,1,0,14,0xAA,0x0E,0xAA,0xAA,0x77,0x00,0x00
2945,Write,10,Write,10,0,1,0,1,0,0,1,1,1,1,0,15,0xAA,0x0F,0xAA,0xAA,0x77,0x00,0x00
2955,Write,10,Write,10,0,1,0,1,0,0,1,1,1,1,0,16,0xAA,0x10,0xAA,0xAA,0x77,0x00,0x00
2965,Write,10,Write,10,0,1,0,1,0,0,1,1,1,1,0,17,0xAA,0x11,0xAA,0xAA,0x77,0x00,0x00
2975,Write,10,Write,10,0,1,0,1,0,0,1,1,1,1,0,18,0xAA,0x12,0xAA,0xAA,0x77,0x00,0x00
2985,Write,10,Write,10,0,1,0,1,0,0,1,1,1,1,0,19,0xAA,0x13,0xAA,0xAA,0x77,0x00,0x00
2995,Write,10,Write,10,0,1,0,1,0,0,1,1,1,1,0,20,0xAA,0x14,0xAA,0xAA,0x77,0x00,0x00
3005,Write,10,Write,10,0,1,0,1,0,0,1,1,1,1,0,21,0xAA,0x15,0xAA,0xAA,0x77,0x00,0x00
3015,Write,10,Write,10,0,1,0,1,0,0,1,1,1,1,0,22,0xAA,0x16,0xAA,0xAA,0x77,0x00,0x00
3025,Write,10,Write,10,0,1,0,1,0,0,1,1,1,1,0,23,0xAA,0x17,0xAA,0xAA,0x77,0x00,0x00
3035,Write,10,Write,10,0,1,0,1,0,0,1,1,1,1,0,24,0xAA,0x18,0xAA,0xAA,0x77,0x00,0x00
3045,Write,10,Write,10,0,1,0,1,0,0,1,1,1,1,0,25,0xAA,0x19,0xAA,0xAA,0x77,0x00,0x00
3055,Write,10,Write,10,0,1,0,1,0,0,1,1,1,1,0,26,0xAA,0x1A,0xAA,0xAA,0x77,0x00,0x00
3065,Write,10,Write,10,0,1,0,1,0,0,1,1,1,1,0,27,0xAA,0x1B,0xAA,0xAA,0x77,0x00,0x00
3075,Write,10,Write,10,0,1,0,1,0,0,1,1,1,1,0,28,0xAA,0x1C,0xAA,0xAA,0x77,0x00,0x00
3085,Write,10,Write,10,0,1,0,1,0,0,1,1,1,1,0,29,0xAA,0x1D,0xAA,0xAA,0x77,0x00,0x00
3095,Write,10,Write,10,0,1,0,1,0,0,1,1,1,1,0,30,0xAA,0x1E,0xAA,0xAA,0x77,0x00,0x00
3105,Write,10,Write,10,0,1,0,1,0,0,1,1,1,1,0,31,0xAA,0x1F,0xAA,0xAA,0x77,0x00,0x00
3115,Write,10,Write,10,0,1,0,1,0,0,1,1,1,1,0,32,0xAA,0x20,0xAA,0xAA,0x77,0x00,0x00
3125,Write,10,Write,10,0,1,0,1,0,0,1,1,1,1,0,33,0xAA,0x21,0xAA,0xAA,0x77,0x00,0x00
3135,Write,10,Write,10,0,1,0,1,0,0,1,1,1,1,0,34,0xAA,0x22,0xAA,0xAA,0x77,0x00,0x00
3145,Write,10,Write,10,0,1,0,1,0,0,1,1,1,1,0,35,0xAA,0x23,0xAA,0xAA,0x77,0x00,0x00
3155,Write,10,Write,10,0,1,0,1,0,0,1,1,1,1,0,36,0xAA,0x24,0xAA,0xAA,0x77,0x00,0x00
3165,Write,10,Write,10,0,1,0,1,0,0,1,1,1,1,0,37,0xAA,0x25,0xAA,0xAA,0x77,0x00,0x00
3175,Write,10,Write,10,0,1,0,1,0,0,1,1,1,1,0,38,0xAA,0x26,0xAA,0xAA,0x77,0x00,0x00
3185,Write,10,Write,10,0,1,0,1,0,0,1,1,1,1,0,39,0xAA,0x27,0xAA,0xAA,0x77,0x00,0x00
3195,Write,10,Write,10,0,1,0,1,0,0,1,1,1,1,0,40,0xAA,0x28,0xAA,0xAA,0x77,0x00,0x00
3205,Write,10,Write,10,0,1,0,1,0,0,1,1,1,1,0,41,0xAA,0x29,0xAA,0xAA,0x77,0x00,0x00
3215,Write,10,Write,10,0,1,0,1,0,0,1,1,1,1,0,42,0xAA,0x2A,0xAA,0xAA,0x77,0x00,0x00
3225,Write,10,Write,10,0,1,0,1,0,0,1,1,1,1,0,43,0xAA,0x2B,0xAA,0xAA,0x77,0x00,0x00
3235,Write,10,Write,10,0,1,0,1,0,0,1,1,1,1,0,44,0xAA,0x2C,0xAA,0xAA,0x77,0x00,0x00
3245,Write,10,Write,10,0,1,0,1,0,0,1,1,1,1,0,45,0xAA,0x2D,0xAA,0xAA,0x77,0x00,0x00
3255,Write,10,Write,10,0,1,0,1,0,0,1,1,1,1,0,46,0xAA,0x2E,0xAA,0xAA,0x77,0x00,0x00
3265,Write,10,Write,10,0,1,0,1,0,0,1,1,1,1,0,47,0xAA,0x2F,0xAA,0xAA,0x77,0x00,0x00
3275,Write,10,Write,10,0,1,0,1,0,0,1,1,1,1,0,48,0xAA,0x30,0xAA,0xAA,0x77,0x00,0x00
3285,Write,10,Write,10,0,1,0,1,0,0,1,1,1,1,0,49,0xAA,0x31,0xAA,0xAA,0x77,0x00,0x00
3295,Write,10,Write,10,0,1,0,1,0,0,1,1,1,1,0,50,0xAA,0x32,0xAA,0xAA,0x77,0x00,0x00
3305,Write,10,Write,10,0,1,0,1,0,0,1,1,1,1,0,51,0xAA,0x33,0xAA,0xAA,0x77,0x00,0x00
3315,Write,10,Write,10,0,1,0,1,0,0,1,1,1,1,0,52,0xAA,0x34,0xAA,0xAA,0x77,0x00,0x00
3325,Write,10,Write,10,0,1,0,1,0,0,1,1,1,1,0,53,0xAA,0x35,0xAA,0xAA,0x77,0x00,0x00
3335,Write,10,Write,10,0,1,0,1,0,0,1,1,1,1,0,54,0xAA,0x36,0xAA,0xAA,0x77,0x00,0x00
3345,Write,10,Write,10,0,1,0,1,0,0,1,1,1,1,0,55,0xAA,0x37,0xAA,0xAA,0x77,0x00,0x00
3355,Write,10,Write,10,0,1,0,1,0,0,1,1,1,1,0,56,0xAA,0x38,0xAA,0xAA,0x77,0x00,0x00
3365,Write,10,Write,10,0,1,0,1,0,0,1,1,1,1,0,57,0xAA,0x39,0xAA,0xAA,0x77,0x00,0x00
3375,Write,10,Write,10,0,1,0,1,0,0,1,1,1,1,0,58,0xAA,0x3A,0xAA,0xAA,0x77,0x00,0x00
3385,Write,10,Write,10,0,1,0,1,0,0,1,1,1,1,0,59,0xAA,0x3B,0xAA,0xAA,0x77,0x00,0x00
3395,Write,10,Write,10,0,1,0,1,0,0,1,1,1,1,0,60,0xAA,0x3C,0xAA,0xAA,0x77,0x00,0x00
3405,Write,10,Write,10,0,1,0,1,0,0,1,1,1,1,0,61,0xAA,0x3D,0xAA,0xAA,0x77,0x00,0x00
3415,Write,10,Write,10,0,1,0,1,0,0,1,1,1,1,0,62,0xAA,0x3E,0xAA,0xAA,0x77,0x00,0x00
3425,Write,10,Write,10,0,1,0,1,0,0,1,1,1,1,0,63,0xAA,0x3F,0xAA,0xAA,0x77,0x00,0x00
3435,Write,10,Write,10,0,1,0,1,0,0,1,1,1,1,0,64,0xAA,0x40,0xAA,0xAA,0x77,0x00,0x00
3445,Write,10,Write,10,0,1,0,1,0,0,1,1,1,1,0,65,0xAA,0x41,0xAA,0xAA,0x77,0x00,0x00
3455,Write,10,Write,10,0,1,0,1,0,0,1,1,1,1,0,66,0xAA,0x42,0xAA,0xAA,0x77,0x00,0x00
3465,Write,10,Write,10,0,1,0,1,0,0,1,1,1,1,0,67,0xAA,0x43,0xAA,0xAA,0x77,0x00,0x00
3475,Write,10,Write,10,0,1,0,1,0,0,1,1,1,1,0,68,0xAA,0x44,0xAA,0xAA,0x77,0x00,0x00
3485,Write,10,Write,10,0,1,0,1,0,0,1,1,1,1,0,69,0xAA,0x45,0xAA,0xAA,0x77,0x00,0x00
3495,Write,10,Write,10,0,1,0,1,0,0,1,1,1,1,0,70,0xAA,0x46,0xAA,0xAA,0x77,0x00,0x00
3505,Write,10,Write,10,0,1,0,1,0,0,1,1,1,1,0,71,0xAA,0x47,0xAA,0xAA,0x77,0x00,0x00
3515,Write,10,Write,10,0,1,0,1,0,0,1,1,1,1,0,72,0xAA,0x48,0xAA,0xAA,0x77,0x00,0x00
3525,Write,10,Write,10,0,1,0,1,0,0,1,1,1,1,0,73,0xAA,0x49,0xAA,0xAA,0x77,0x00,0x00
3535,Write,10,Write,10,0,1,0,1,0,0,1,1,1,1,0,74,0xAA,0x4A,0xAA,0xAA,0x77,0x00,0x00
3545,Write,10,Write,10,0,1,0,1,0,0,1,1,1,1,0,75,0xAA,0x4B,0xAA,0xAA,0x77,0x00,0x00
3555,Write,10,Write,10,0,1,0,1,0,0,1,1,1,1,0,76,0xAA,0x4C,0xAA,0xAA,0x77,0x00,0x00
3565,Write,10,Write,10,0,1,0,1,0,0,1,1,1,1,0,77,0xAA,0x4D,0xAA,0xAA,0x77,0x00,0x00
3575,Write,10,Write,10,0,1,0,1,0,0,1,1,1,1,0,78,0xAA,0x4E,0xAA,0xAA,0x77,0x00,0x00
3585,Write,10,Write,10,0,1,0,1,0,0,1,1,1,1,0,79,0xAA,0x4F,0xAA,0xAA,0x77,0x00,0x00
3595,Write,10,Write,10,0,1,0,1,0,0,1,1,1,1,0,80,0xAA,0x50,0xAA,0xAA,0x77,0x00,0x00
3605,Write,10,Write,10,0,1,0,1,0,0,1,1,1,1,0,81,0xAA,0x51,0xAA,0xAA,0x77,0x00,0x00
3615,Write,10,Write,10,0,1,0,1,0,0,1,1,1,1,0,82,0xAA,0x52,0xAA,0xAA,0x77,0x00,0x00
3625,Write,10,Write,10,0,1,0,1,0,0,1,1,1,1,0,83,0xAA,0x53,0xAA,0xAA,0x77,0x00,0x00
3635,Write,10,Write,10,0,1,0,1,0,0,1,1,1,1,0,84,0xAA,0x54,0xAA,0xAA,0x77,0x00,0x00
3645,Write,10,Write,10,0,1,0,1,0,0,1,1,1,1,0,85,0xAA,0x55,0xAA,0xAA,0x77,0x00,0x00
3655,Write,10,Write,10,0,1,0,1,0,0,1,1,1,1,0,86,0xAA,0x56,0xAA,0xAA,0x77,0x00,0x00
3665,Write,10,Write,10,0,1,0,1,0,0,1,1,1,1,0,87,0xAA,0x57,0xAA,0xAA,0x77,0x00,0x00
3675,Write,10,Write,10,0,1,0,1,0,0,1,1,1,1,0,88,0xAA,0x58,0xAA,0xAA,0x77,0x00,0x00
3685,Write,10,Write,10,0,1,0,1,0,0,1,1,1,1,0,89,0xAA,0x59,0xAA,0xAA,0x77,0x00,0x00
3695,Write,10,Write,10,0,1,0,1,0,0,1,1,1,1,0,90,0xAA,0x5A,0xAA,0xAA,0x77,0x00,0x00
3705,Write,10,Write,10,0,1,0,1,0,0,1,1,1,1,0,91,0xAA,0x5B,0xAA,0xAA,0x77,0x00,0x00
3715,Write,10,Write,10,0,1,0,1,0,0,1,1,1,1,0,92,0xAA,0x5C,0xAA,0xAA,0x77,0x00,0x00
3725,Write,10,Write,10,0,1,0,1,0,0,1,1,1,1,0,93,0xAA,0x5D,0xAA,0xAA,0x77,0x00,0x00
3735,Write,10,Write,10,0,1,0,1,0,0,1,1,1,1,0,94,0xAA,0x5E,0xAA,0xAA,0x77,0x00,0x00
3745,Write,10,Write,10,0,1,0,1,0,0,1,1,1,1,0,95,0xAA,0x5F,0xAA,0xAA,0x77,0x00,0x00
3755,Write,10,Write,10,0,1,0,1,0,0,1,1,1,1,0,96,0xAA,0x60,0xAA,0xAA,0x77,0x00,0x00
3765,Write,10,Write,10,0,1,0,1,0,0,1,1,1,1,0,97,0xAA,0x61,0xAA,0xAA,0x77,0x00,0x00
3775,Write,10,Write,10,0,1,0,1,0,0,1,1,1,1,0,98,0xAA,0x62,0xAA,0xAA,0x77,0x00,0x00
3785,Write,10,Write,10,0,1,0,1,0,0,1,1,1,1,0,99,0xAA,0x63,0xAA,0xAA,0x77,0x00,0x00
3795,Write,10,Write,10,0,1,0,1,0,0,1,1,1,1,0,100,0xAA,0x64,0xAA,0xAA,0x77,0x00,0x00
3805,Write,10,Write,10,0,1,0,1,0,0,1,1,1,1,0,101,0xAA,0x65,0xAA,0xAA,0x77,0x00,0x00
3815,Write,10,Write,10,0,1,0,1,0,0,1,1,1,1,0,102,0xAA,0x66,0xAA,0xAA,0x77,0x00,0x00
3825,Write,10,Write,10,0,1,0,1,0,0,1,1,1,1,0,103,0xAA,0x67,0xAA,0xAA,0x77,0x00,0x00
3835,Write,10,Write,10,0,1,0,1,0,0,1,1,1,1,0,104,0xAA,0x68,0xAA,0xAA,0x77,0x00,0x00
3845,Write,10,Write,10,0,1,0,1,0,0,1,1,1,1,0,105,0xAA,0x69,0xAA,0xAA,0x77,0x00,0x00
3855,Write,10,Write,10,0,1,0,1,0,0,1,1,1,1,0,106,0xAA,0x6A,0xAA,0xAA,0x77,0x00,0x00
3865,Write,10,Write,10,0,1,0,1,0,0,1,1,1,1,0,107,0xAA,0x6B,0xAA,0xAA,0x77,0x00,0x00
3875,Write,10,Write,10,0,1,0,1,0,0,1,1,1,1,0,108,0xAA,0x6C,0xAA,0xAA,0x77,0x00,0x00
3885,Write,10,Write,10,0,1,0,1,0,0,1,1,1,1,0,109,0xAA,0x6D,0xAA,0xAA,0x77,0x00,0x00
3895,Write,10,Write,10,0,1,0,1,0,0,1,1,1,1,0,110,0xAA,0x6E,0xAA,0xAA,0x77,0x00,0x00
3905,Write,10,Write,10,0,1,0,1,0,0,1,1,1,1,0,111,0xAA,0x6F,0xAA,0xAA,0x77,0x00,0x00
3915,Write,10,Write,10,0,1,0,1,0,0,1,1,1,1,0,112,0xAA,0x70,0xAA,0xAA,0x77,0x00,0x00
3925,Write,10,Write,10,0,1,0,1,0,0,1,1,1,1,0,113,0xAA,0x71,0xAA,0xAA,0x77,0x00,0x00
3935,Write,10,Write,10,0,1,0,1,0,0,1,1,1,1,0,114,0xAA,0x72,0xAA,0xAA,0x77,0x00,0x00
3945,Write,10,Write,10,0,1,0,1,0,0,1,1,1,1,0,115,0xAA,0x73,0xAA,0xAA,0x77,0x00,0x00
3955,Write,10,Write,10,0,1,0,1,0,0,1,1,1,1,0,116,0xAA,0x74,0xAA,0xAA,0x77,0x00,0x00
3965,Write,10,Write,10,0,1,0,1,0,0,1,1,1,1,0,117,0xAA,0x75,0xAA,0xAA,0x77,0x00,0x00
3975,Write,10,Write,10,0,1,0,1,0,0,1,1,1,1,0,118,0xAA,0x76,0xAA,0xAA,0x77,0x00,0x00
3985,Write,10,Write,10,0,1,0,1,0,0,1,1,1,1,0,119,0xAA,0x77,0xAA,0xAA,0x77,0x00,0x00
3995,Write,10,Write,10,0,1,0,1,0,0,1,1,1,1,0,120,0xAA,0x78,0xAA,0xAA,0x77,0x00,0x00
4005,Write,10,Write,10,0,1,0,1,0,0,1,1,1,1,0,121,0xAA,0x79,0xAA,0xAA,0x77,0x00,0x00
4015,Write,10,Write,10,0,1,0,1,0,0,1,1,1,1,0,122,0xAA,0x7A,0xAA,0xAA,0x77,0x00,0x00
4025,Write,10,Write,10,0,1,0,1,0,0,1,1,1,1,0,123,0xAA,0x7B,0xAA,0xAA,0x77,0x00,0x00
4035,Write,10,Write,10,0,1,0,1,0,0,1,1,1,1,0,124,0xAA,0x7C,0xAA,0xAA,0x77,0x00,0x00
4045,Write,10,Write,10,0,1,0,1,0,0,1,1,1,1,0,125,0xAA,0x7D,0xAA,0xAA,0x77,0x00,0x00
4055,Write,10,Write,10,0,1,0,1,0,0,1,1,1,1,0,126,0xAA,0x7E,0xAA,0xAA,0x77,0x00,0x00
4065,Write,10,Write,10,0,1,0,1,0,0,1,1,1,1,0,127,0xAA,0x7F,0xAA,0xAA,0x77,0x00,0x00
4075,Write,10,Write,10,0,1,0,1,0,0,1,1,1,1,0,128,0xAA,0x80,0xAA,0xAA,0x77,0x00,0x00
4085,Write,10,Write,10,0,1,0,1,0,0,1,1,1,1,0,129,0xAA,0x81,0xAA,0xAA,0x77,0x00,0x00
4095,Write,10,Write,10,0,1,0,1,0,0,1,1,1,1,0,130,0xAA,0x82,0xAA,0xAA,0x77,0x00,0x00
4105,Write,10,Write,10,0,1,0,1,0,0,1,1,1,1,0,131,0xAA,0x83,0xAA,0xAA,0x77,0x00,0x00
4115,Write,10,Write,10,0,1,0,1,0,0,1,1,1,1,0,132,0xAA,0x84,0xAA,0xAA,0x77,0x00,0x00
4125,Write,10,Write,10,0,1,0,1,0,0,1,1,1,1,0,133,0xAA,0x85,0xAA,0xAA,0x77,0x00,0x00
4135,Write,10,Write,10,0,1,0,1,0,0,1,1,1,1,0,134,0xAA,0x86,0xAA,0xAA,0x77,0x00,0x00
4145,Write,10,Write,10,0,1,0,1,0,0,1,1,1,1,0,135,0xAA,0x87,0xAA,0xAA,0x77,0x00,0x00
4155,Write,10,Write,10,0,1,0,1,0,0,1,1,1,1,0,136,0xAA,0x88,0xAA,0xAA,0x77,0x00,0x00
4165,Write,10,Write,10,0,1,0,1,0,0,1,1,1,1,0,137,0xAA,0x89,0xAA,0xAA,0x77,0x00,0x00
4175,Write,10,Write,10,0,1,0,1,0,0,1,1,1,1,0,138,0xAA,0x8A,0xAA,0xAA,0x77,0x00,0x00
4185,Write,10,Write,10,0,1,0,1,0,0,1,1,1,1,0,139,0xAA,0x8B,0xAA,0xAA,0x77,0x00,0x00
4195,Write,10,Write,10,0,1,0,1,0,0,1,1,1,1,0,140,0xAA,0x8C,0xAA,0xAA,0x77,0x00,0x00
4205,Write,10,Write,10,0,1,0,1,0,0,1,1,1,1,0,141,0xAA,0x8D,0xAA,0xAA,0x77,0x00,0x00
4215,Write,10,Write,10,0,1,0,1,0,0,1,1,1,1,0,142,0xAA,0x8E,0xAA,0xAA,0x77,0x00,0x00
4225,Write,10,Write,10,0,1,0,1,0,0,1,1,1,1,0,143,0xAA,0x8F,0xAA,0xAA,0x77,0x00,0x00
4235,Write,10,Write,10,0,1,0,1,0,0,1,1,1,1,0,144,0xAA,0x90,0xAA,0xAA,0x77,0x00,0x00
4245,Write,10,Write,10,0,1,0,1,0,0,1,1,1,1,0,145,0xAA,0x91,0xAA,0xAA,0x77,0x00,0x00
4255,Write,10,Write,10,0,1,0,1,0,0,1,1,1,1,0,146,0xAA,0x92,0xAA,0xAA,0x77,0x00,0x00
4265,Write,10,Write,10,0,1,0,1,0,0,1,1,1,1,0,147,0xAA,0x93,0xAA,0xAA,0x77,0x00,0x00
4275,Write,10,Write,10,0,1,0,1,0,0,1,1,1,1,0,148,0xAA,0x94,0xAA,0xAA,0x77,0x00,0x00
4285,Write,10,Write,10,0,1,0,1,0,0,1,1,1,1,0,149,0xAA,0x95,0xAA,0xAA,0x77,0x00,0x00
4295,Write,10,Write,10,0,1,0,1,0,0,1,1,1,1,0,150,0xAA,0x96,0xAA,0xAA,0x77,0x00,0x00
4305,Write,10,Write,10,0,1,0,1,0,0,1,1,1,1,0,151,0xAA,0x97,0xAA,0xAA,0x77,0x00,0x00
4315,Write,10,Write,10,0,1,0,1,0,0,1,1,1,1,0,152,0xAA,0x98,0xAA,0xAA,0x77,0x00,0x00
4325,Write,10,Write,10,0,1,0,1,0,0,1,1,1,1,0,153,0xAA,0x99,0xAA,0xAA,0x77,0x00,0x00
4335,Write,10,Write,10,0,1,0,1,0,0,1,1,1,1,0,154,0xAA,0x9A,0xAA,0xAA,0x77,0x00,0x00
4345,Write,10,Write,10,0,1,0,1,0,0,1,1,1,1,0,155,0xAA,0x9B,0xAA,0xAA,0x77,0x00,0x00
4355,Write,10,Write,10,0,1,0,1,0,0,1,1,1,1,0,156,0xAA,0x9C,0xAA,0xAA,0x77,0x00,0x00
4365,Write,10,Write,10,0,1,0,1,0,0,1,1,1,1,0,157,0xAA,0x9D,0xAA,0xAA,0x77,0x00,0x00
4375,Write,10,Write,10,0,1,0,1,0,0,1,1,1,1,0,158,0xAA,0x9E,0xAA,0xAA,0x77,0x00,0x00
4385,Write,10,Write,10,0,1,0,1,0,0,1,1,1,1,0,159,0xAA,0x9F,0xAA,0xAA,0x77,0x00,0x00
4395,Write,10,Write,10,0,1,0,1,0,0,1,1,1,1,0,160,0xAA,0xA0,0xAA,0xAA,0x77,0x00,0x00
4405,Write,10,Write,10,0,1,0,1,0,0,1,1,1,1,0,161,0xAA,0xA1,0xAA,0xAA,0x77,0x00,0x00
4415,Write,10,Write,10,0,1,0,1,0,0,1,1,1,1,0,162,0xAA,0xA2,0xAA,0xAA,0x77,0x00,0x00
4425,Write,10,Write,10,0,1,0,1,0,0,1,1,1,1,0,163,0xAA,0xA3,0xAA,0xAA,0x77,0x00,0x00
4435,Write,10,Write,10,0,1,0,1,0,0,1,1,1,1,0,164,0xAA,0xA4,0xAA,0xAA,0x77,0x00,0x00
4445,Write,10,Write,10,0,1,0,1,0,0,1,1,1,1,0,165,0xAA,0xA5,0xAA,0xAA,0x77,0x00,0x00
4455,Write,10,Write,10,0,1,0,1,0,0,1,1,1,1,0,166,0xAA,0xA6,0xAA,0xAA,0x77,0x00,0x00
4465,Write,10,Write,10,0,1,0,1,0,0,1,1,1,1,0,167,0xAA,0xA7,0xAA,0xAA,0x77,0x00,0x00
4475,Write,10,Write,10,0,1,0,1,0,0,1,1,1,1,0,168,0xAA,0xA8,0xAA,0xAA,0x77,0x00,0x00
4485,Write,10,Write,10,0,1,0,1,0,0,1,1,1,1,0,169,0xAA,0xA9,0xAA,0xAA,0x77,0x00,0x00
4495,Write,10,Init,00,0,1,0,1,0,0,1,1,1,1,1,170,0xAA,0xAA,0xAA,0xAA,0x77,0x00,0x00
4505,Init,00,Init,00,0,1,0,0,1,0,0,0,0,0,0,171,0xAA,0xAA,0xAA,0xAA,0x77,0x77,0x00
4515,Init,00,Init,00,0,0,0,0,1,0,0,0,0,0,0,171,0xAA,0xAA,0xAA,0xAA,0x77,0x77,0x00
4525,Init,00,Init,00,0,0,0,0,1,0,0,0,0,0,0,171,0xAA,0xAA,0xAA,0xAA,0x77,0x77,0x00
4535,Init,00,Init,00,0,0,0,0,1,0,0,0,0,0,0,171,0xAA,0xAA,0xAA,0xAA,0x77,0x77,0x00
4545,Init,00,Init,00,0,0,0,0,1,0,0,0,0,0,0,171,0xAA,0xAA,0xAA,0xAA,0x77,0x77,0x00
4555,Init,00,Init,00,0,0,0,0,1,0,0,0,0,0,0,171,0xAA,0xAA,0xAA,0xAA,0x77,0x77,0x00
4565,Init,00,Init,00,0,0,0,0,1,0,0,0,0,0,0,171,0xAA,0xAA,0xAA,0xAA,0x77,0x77,0x00
4575,Init,00,Init,00,0,0,0,0,1,0,0,0,0,0,0,171,0xAA,0xAA,0xAA,0xAA,0x77,0x77,0x00
4585,Init,00,Init,00,0,0,0,0,1,0,0,0,0,0,0,171,0xAA,0xAA,0xAA,0xAA,0x77,0x77,0x00
4595,Init,00,Init,00,0,0,0,0,1,0,0,0,0,0,0,171,0xAA,0xAA,0xAA,0xAA,0x77,0x77,0x00
4605,Init,00,Init,00,0,0,0,0,1,0,0,0,0,0,0,171,0xAA,0xAA,0xAA,0xAA,0x77,0x77,0x00
4615,Init,00,Init,00,0,0,0,0,1,0,0,0,0,0,0,171,0xAA,0xAA,0xAA,0xAA,0x77,0x77,0x00
4625,Init,00,Init,00,0,0,0,0,1,0,0,0,0,0,0,171,0xFF,0xFF,0xFF,0xAA,0x77,0x77,0x00
4635,Init,00,Init,00,0,0,0,0,1,0,0,0,0,0,0,171,0x00,0x00,0xFF,0x00,0x77,0x77,0x00
4645,Load,01,Write,10,1,1,0,1,0,1,0,0,0,0,0,171,0x00,0x00,0xFF,0x00,0x77,0x77,0x00
4655,Write,10,Write,10,0,1,0,1,0,0,1,1,1,1,0,0,0x00,0x00,0xFF,0x00,0x77,0x00,0x00
4665,Write,10,Write,10,0,1,0,1,0,0,1,1,1,1,0,1,0x00,0x01,0xFF,0x00,0x77,0x00,0x00
4675,Write,10,Write,10,0,1,0,1,0,0,1,1,1,1,0,2,0x00,0x02,0xFF,0x00,0x77,0x00,0x00
4685,Write,10,Write,10,0,1,0,1,0,0,1,1,1,1,0,3,0x00,0x03,0xFF,0x00,0x77,0x00,0x00
4695,Write,10,Write,10,0,1,0,1,0,0,1,1,1,1,0,4,0x00,0x04,0xFF,0x00,0x77,0x00,0x00
4705,Write,10,Write,10,0,1,0,1,0,0,1,1,1,1,0,5,0x00,0x05,0xFF,0x00,0x77,0x00,0x00
4715,Write,10,Write,10,0,1,0,1,0,0,1,1,1,1,0,6,0x00,0x06,0xFF,0x00,0x77,0x00,0x00
4725,Write,10,Write,10,0,1,0,1,0,0,1,1,1,1,0,7,0x00,0x07,0xFF,0x00,0x77,0x00,0x00
4735,Write,10,Write,10,0,1,0,1,0,0,1,1,1,1,0,8,0x00,0x08,0xFF,0x00,0x77,0x00,0x00
4745,Write,10,Write,10,0,1,0,1,0,0,1,1,1,1,0,9,0x00,0x09,0xFF,0x00,0x77,0x00,0x00
4755,Write,10,Write,10,0,1,0,1,0,0,1,1,1,1,0,10,0x00,0x0A,0xFF,0x00,0x77,0x00,0x00
4765,Write,10,Write,10,0,1,0,1,0,0,1,1,1,1,0,11,0x00,0x0B,0xFF,0x00,0x77,0x00,0x00
4775,Write,10,Write,10,0,1,0,1,0,0,1,1,1,1,0,12,0x00,0x0C,0xFF,0x00,0x77,0x00,0x00
4785,Write,10,Write,10,0,1,0,1,0,0,1,1,1,1,0,13,0x00,0x0D,0xFF,0x00,0x77,0x00,0x00
4795,Write,10,Write,10,0,1,0,1,0,0,1,1,1,1,0,14,0x00,0x0E,0xFF,0x00,0x77,0x00,0x00
4805,Write,10,Write,10,0,1,0,1,0,0,1,1,1,1,0,15,0x00,0x0F,0xFF,0x00,0x77,0x00,0x00
4815,Write,10,Write,10,0,1,0,1,0,0,1,1,1,1,0,16,0x00,0x10,0xFF,0x00,0x77,0x00,0x00
4825,Write,10,Write,10,0,1,0,1,0,0,1,1,1,1,0,17,0x00,0x11,0xFF,0x00,0x77,0x00,0x00
4835,Write,10,Write,10,0,1,0,1,0,0,1,1,1,1,0,18,0x00,0x12,0xFF,0x00,0x77,0x00,0x00
4845,Write,10,Write,10,0,1,0,1,0,0,1,1,1,1,0,19,0x00,0x13,0xFF,0x00,0x77,0x00,0x00
4855,Write,10,Write,10,0,1,0,1,0,0,1,1,1,1,0,20,0x00,0x14,0xFF,0x00,0x77,0x00,0x00
4865,Write,10,Write,10,0,1,0,1,0,0,1,1,1,1,0,21,0x00,0x15,0xFF,0x00,0x77,0x00,0x00
4875,Write,10,Write,10,0,1,0,1,0,0,1,1,1,1,0,22,0x00,0x16,0xFF,0x00,0x77,0x00,0x00
4885,Write,10,Write,10,0,1,0,1,0,0,1,1,1,1,0,23,0x00,0x17,0xFF,0x00,0x77,0x00,0x00
4895,Write,10,Write,10,0,1,0,1,0,0,1,1,1,1,0,24,0x00,0x18,0xFF,0x00,0x77,0x00,0x00
4905,Write,10,Write,10,0,1,0,1,0,0,1,1,1,1,0,25,0x00,0x19,0xFF,0x00,0x77,0x00,0x00
4915,Write,10,Write,10,0,1,0,1,0,0,1,1,1,1,0,26,0x00,0x1A,0xFF,0x00,0x77,0x00,0x00
4925,Write,10,Write,10,0,1,0,1,0,0,1,1,1,1,0,27,0x00,0x1B,0xFF,0x00,0x77,0x00,0x00
4935,Write,10,Write,10,0,1,0,1,0,0,1,1,1,1,0,28,0x00,0x1C,0xFF,0x00,0x77,0x00,0x00
4945,Write,10,Write,10,0,1,0,1,0,0,1,1,1,1,0,29,0x00,0x1D,0xFF,0x00,0x77,0x00,0x00
4955,Write,10,Write,10,0,1,0,1,0,0,1,1,1,1,0,30,0x00,0x1E,0xFF,0x00,0x77,0x00,0x00
4965,Write,10,Write,10,0,1,0,1,0,0,1,1,1,1,0,31,0x00,0x1F,0xFF,0x00,0x77,0x00,0x00
4975,Write,10,Write,10,0,1,0,1,0,0,1,1,1,1,0,32,0x00,0x20,0xFF,0x00,0x77,0x00,0x00
4985,Write,10,Write,10,0,1,0,1,0,0,1,1,1,1,0,33,0x00,0x21,0xFF,0x00,0x77,0x00,0x00
4995,Write,10,Write,10,0,1,0,1,0,0,1,1,1,1,0,34,0x00,0x22,0xFF,0x00,0x77,0x00,0x00
5005,Write,10,Write,10,0,1,0,1,0,0,1,1,1,1,0,35,0x00,0x23,0xFF,0x00,0x77,0x00,0x00
5015,Write,10,Write,10,0,1,0,1,0,0,1,1,1,1,0,36,0x00,0x24,0xFF,0x00,0x77,0x00,0x00
5025,Write,10,Write,10,0,1,0,1,0,0,1,1,1,1,0,37,0x00,0x25,0xFF,0x00,0x77,0x00,0x00
5035,Write,10,Write,10,0,1,0,1,0,0,1,1,1,1,0,38,0x00,0x26,0xFF,0x00,0x77,0x00,0x00
5045,Write,10,Write,10,0,1,0,1,0,0,1,1,1,1,0,39,0x00,0x27,0xFF,0x00,0x77,0x00,0x00
5055,Write,10,Write,10,0,1,0,1,0,0,1,1,1,1,0,40,0x00,0x28,0xFF,0x00,0x77,0x00,0x00
5065,Write,10,Write,10,0,1,0,1,0,0,1,1,1,1,0,41,0x00,0x29,0xFF,0x00,0x77,0x00,0x00
5075,Write,10,Write,10,0,1,0,1,0,0,1,1,1,1,0,42,0x00,0x2A,0xFF,0x00,0x77,0x00,0x00
5085,Write,10,Write,10,0,1,0,1,0,0,1,1,1,1,0,43,0x00,0x2B,0xFF,0x00,0x77,0x00,0x00
5095,Write,10,Write,10,0,1,0,1,0,0,1,1,1,1,0,44,0x00,0x2C,0xFF,0x00,0x77,0x00,0x00
5105,Write,10,Write,10,0,1,0,1,0,0,1,1,1,1,0,45,0x00,0x2D,0xFF,0x00,0x77,0x00,0x00
5115,Write,10,Write,10,0,1,0,1,0,0,1,1,1,1,0,46,0x00,0x2E,0xFF,0x00,0x77,0x00,0x00
5125,Write,10,Write,10,0,1,0,1,0,0,1,1,1,1,0,47,0x00,0x2F,0xFF,0x00,0x77,0x00,0x00
5135,Write,10,Write,10,0,1,0,1,0,0,1,1,1,1,0,48,0x00,0x30,0xFF,0x00,0x77,0x00,0x00
5145,Write,10,Write,10,0,1,0,1,0,0,1,1,1,1,0,49,0x00,0x31,0xFF,0x00,0x77,0x00,0x00
5155,Write,10,Write,10,0,1,0,1,0,0,1,1,1,1,0,50,0x00,0x32,0xFF,0x00,0x77,0x00,0x00
5165,Write,10,Write,10,0,1,0,1,0,0,1,1,1,1,0,51,0x00,0x33,0xFF,0x00,0x77,0x00,0x00
5175,Write,10,Write,10,0,1,0,1,0,0,1,1,1,1,0,52,0x00,0x34,0xFF,0x00,0x77,0x00,0x00
5185,Write,10,Write,10,0,1,0,1,0,0,1,1,1,1,0,53,0x00,0x35,0xFF,0x00,0x77,0x00,0x00
5195,Write,10,Write,10,0,1,0,1,0,0,1,1,1,1,0,54,0x00,0x36,0xFF,0x00,0x77,0x00,0x00
5205,Write,10,Write,10,0,1,0,1,0,0,1,1,1,1,0,55,0x00,0x37,0xFF,0x00,0x77,0x00,0x00
5215,Write,10,Write,10,0,1,0,1,0,0,1,1,1,1,0,56,0x00,0x38,0xFF,0x00,0x77,0x00,0x00
5225,Write,10,Write,10,0,1,0,1,0,0,1,1,1,1,0,57,0x00,0x39,0xFF,0x00,0x77,0x00,0x00
5235,Write,10,Write,10,0,1,0,1,0,0,1,1,1,1,0,58,0x00,0x3A,0xFF,0x00,0x77,0x00,0x00
5245,Write,10,Write,10,0,1,0,1,0,0,1,1,1,1,0,59,0x00,0x3B,0xFF,0x00,0x77,0x00,0x00
5255,Write,10,Write,10,0,1,0,1,0,0,1,1,1,1,0,60,0x00,0x3C,0xFF,0x00,0x77,0x00,0x00
5265,Write,10,Write,10,0,1,0,1,0,0,1,1,1,1,0,61,0x00,0x3D,0xFF,0x00,0x77,0x00,0x00
5275,Write,10,Write,10,0,1,0,1,0,0,1,1,1,1,0,62,0x00,0x3E,0xFF,0x00,0x77,0x00,0x00
5285,Write,10,Write,10,0,1,0,1,0,0,1,1,1,1,0,63,0x00,0x3F,0xFF,0x00,0x77,0x00,0x00
5295,Write,10,Write,10,0,1,0,1,0,0,1,1,1,1,0,64,0x00,0x40,0xFF,0x00,0x77,0x00,0x00
5305,Write,10,Write,10,0,1,0,1,0,0,1,1,1,1,0,65,0x00,0x41,0xFF,0x00,0x77,0x00,0x00
5315,Write,10,Write,10,0,1,0,1,0,0,1,1,1,1,0,66,0x00,0x42,0xFF,0x00,0x77,0x00,0x00
5325,Write,10,Write,10,0,1,0,1,0,0,1,1,1,1,0,67,0x00,0x43,0xFF,0x00,0x77,0x00,0x00
5335,Write,10,Write,10,0,1,0,1,0,0,1,1,1,1,0,68,0x00,0x44,0xFF,0x00,0x77,0x00,0x00
5345,Write,10,Write,10,0,1,0,1,0,0,1,1,1,1,0,69,0x00,0x45,0xFF,0x00,0x77,0x00,0x00
5355,Write,10,Write,10,0,1,0,1,0,0,1,1,1,1,0,70,0x00,0x46,0xFF,0x00,0x77,0x00,0x00
5365,Write,10,Write,10,0,1,0,1,0,0,1,1,1,1,0,71,0x00,0x47,0xFF,0x00,0x77,0x00,0x00
5375,Write,10,Write,10,0,1,0,1,0,0,1,1,1,1,0,72,0x00,0x48,0xFF,0x00,0x77,0x00,0x00
5385,Write,10,Write,10,0,1,0,1,0,0,1,1,1,1,0,73,0x00,0x49,0xFF,0x00,0x77,0x00,0x00
5395,Write,10,Write,10,0,1,0,1,0,0,1,1,1,1,0,74,0x00,0x4A,0xFF,0x00,0x77,0x00,0x00
5405,Write,10,Write,10,0,1,0,1,0,0,1,1,1,1,0,75,0x00,0x4B,0xFF,0x00,0x77,0x00,0x00
5415,Write,10,Write,10,0,1,0,1,0,0,1,1,1,1,0,76,0x00,0x4C,0xFF,0x00,0x77,0x00,0x00
5425,Write,10,Write,10,0,1,0,1,0,0,1,1,1,1,0,77,0x00,0x4D,0xFF,0x00,0x77,0x00,0x00
5435,Write,10,Write,10,0,1,0,1,0,0,1,1,1,1,0,78,0x00,0x4E,0xFF,0x00,0x77,0x00,0x00
5445,Write,10,Write,10,0,1,0,1,0,0,1,1,1,1,0,79,0x00,0x4F,0xFF,0x00,0x77,0x00,0x00
5455,Write,10,Write,10,0,1,0,1,0,0,1,1,1,1,0,80,0x00,0x50,0xFF,0x00,0x77,0x00,0x00
5465,Write,10,Write,10,0,1,0,1,0,0,1,1,1,1,0,81,0x00,0x51,0xFF,0x00,0x77,0x00,0x00
5475,Write,10,Write,10,0,1,0,1,0,0,1,1,1,1,0,82,0x00,0x52,0xFF,0x00,0x77,0x00,0x00
5485,Write,10,Write,10,0,1,0,1,0,0,1,1,1,1,0,83,0x00,0x53,0xFF,0x00,0x77,0x00,0x00
5495,Write,10,Write,10,0,1,0,1,0,0,1,1,1,1,0,84,0x00,0x54,0xFF,0x00,0x77,0x00,0x00
5505,Write,10,Write,10,0,1,0,1,0,0,1,1,1,1,0,85,0x00,0x55,0xFF,0x00,0x77,0x00,0x00
5515,Write,10,Write,10,0,1,0,1,0,0,1,1,1,1,0,86,0x00,0x56,0xFF,0x00,0x77,0x00,0x00
5525,Write,10,Write,10,0,1,0,1,0,0,1,1,1,1,0,87,0x00,0x57,0xFF,0x00,0x77,0x00,0x00
5535,Write,10,Write,10,0,1,0,1,0,0,1,1,1,1,0,88,0x00,0x58,0xFF,0x00,0x77,0x00,0x00
5545,Write,10,Write,10,0,1,0,1,0,0,1,1,1,1,0,89,0x00,0x59,0xFF,0x00,0x77,0x00,0x00
5555,Write,10,Write,10,0,1,0,1,0,0,1,1,1,1,0,90,0x00,0x5A,0xFF,0x00,0x77,0x00,0x00
5565,Write,10,Write,10,0,1,0,1,0,0,1,1,1,1,0,91,0x00,0x5B,0xFF,0x00,0x77,0x00,0x00
5575,Write,10,Write,10,0,1,0,1,0,0,1,1,1,1,0,92,0x00,0x5C,0xFF,0x00,0x77,0x00,0x00
5585,Write,10,Write,10,0,1,0,1,0,0,1,1,1,1,0,93,0x00,0x5D,0xFF,0x00,0x77,0x00,0x00
5595,Write,10,Write,10,0,1,0,1,0,0,1,1,1,1,0,94,0x00,0x5E,0xFF,0x00,0x77,0x00,0x00
5605,Write,10,Write,10,0,1,0,1,0,0,1,1,1,1,0,95,0x00,0x5F,0xFF,0x00,0x77,0x00,0x00
5615,Write,10,Write,10,0,1,0,1,0,0,1,1,1,1,0,96,0x00,0x60,0xFF,0x00,0x77,0x00,0x00
5625,Write,10,Write,10,0,1,0,1,0,0,1,1,1,1,0,97,0x00,0x61,0xFF,0x00,0x77,0x00,0x00
5635,Write,10,Write,10,0,1,0,1,0,0,1,1,1,1,0,98,0x00,0x62,0xFF,0x00,0x77,0x00,0x00
5645,Write,10,Write,10,0,1,0,1,0,0,1,1,1,1,0,99,0x00,0x63,0xFF,0x00,0x77,0x00,0x00
5655,Write,10,Write,10,0,1,0,1,0,0,1,1,1,1,0,100,0x00,0x64,0xFF,0x00,0x77,0x00,0x00
5665,Write,10,Write,10,0,1,0,1,0,0,1,1,1,1,0,101,0x00,0x65,0xFF,0x00,0x77,0x00,0x00
5675,Write,10,Write,10,0,1,0,1,0,0,1,1,1,1,0,102,0x00,0x66,0xFF,0x00,0x77,0x00,0x00
5685,Write,10,Write,10,0,1,0,1,0,0,1,1,1,1,0,103,0x00,0x67,0xFF,0x00,0x77,0x00,0x00
5695,Write,10,Write,10,0,1,0,1,0,0,1,1,1,1,0,104,0x00,0x68,0xFF,0x00,0x77,0x00,0x00
5705,Write,10,Write,10,0,1,0,1,0,0,1,1,1,1,0,105,0x00,0x69,0xFF,0x00,0x77,0x00,0x00
5715,Write,10,Write,10,0,1,0,1,0,0,1,1,1,1,0,106,0x00,0x6A,0xFF,0x00,0x77,0x00,0x00
5725,Write,10,Write,10,0,1,0,1,0,0,1,1,1,1,0,107,0x00,0x6B,0xFF,0x00,0x77,0x00,0x00
5735,Write,10,Write,10,0,1,0,1,0,0,1,1,1,1,0,108,0x00,0x6C,0xFF,0x00,0x77,0x00,0x00
5745,Write,10,Write,10,0,1,0,1,0,0,1,1,1,1,0,109,0x00,0x6D,0xFF,0x00,0x77,0x00,0x00
5755,Write,10,Write,10,0,1,0,1,0,0,1,1,1,1,0,110,0x00,0x6E,0xFF,0x00,0x77,0x00,0x00
5765,Write,10,Write,10,0,1,0,1,0,0,1,1,1,1,0,111,0x00,0x6F,0xFF,0x00,0x77,0x00,0x00
5775,Write,10,Write,10,0,1,0,1,0,0,1,1,1,1,0,112,0x00,0x70,0xFF,0x00,0x77,0x00,0x00
5785,Write,10,Write,10,0,1,0,1,0,0,1,1,1,1,0,113,0x00,0x71,0xFF,0x00,0x77,0x00,0x00
5795,Write,10,Write,10,0,1,0,1,0,0,1,1,1,1,0,114,0x00,0x72,0xFF,0x00,0x77,0x00,0x00
5805,Write,10,Write,10,0,1,0,1,0,0,1,1,1,1,0,115,0x00,0x73,0xFF,0x00,0x77,0x00,0x00
5815,Write,10,Write,10,0,1,0,1,0,0,1,1,1,1,0,116,0x00,0x74,0xFF,0x00,0x77,0x00,0x00
5825,Write,10,Write,10,0,1,0,1,0,0,1,1,1,1,0,117,0x00,0x75,0xFF,0x00,0x77,0x00,0x00
5835,Write,10,Write,10,0,1,0,1,0,0,1,1,1,1,0,118,0x00,0x76,0xFF,0x00,0x77,0x00,0x00
5845,Write,10,Write,10,0,1,0,1,0,0,1,1,1,1,0,119,0x00,0x77,0xFF,0x00,0x77,0x00,0x00
5855,Write,10,Write,10,0,1,0,1,0,0,1,1,1,1,0,120,0x00,0x78,0xFF,0x00,0x77,0x00,0x00
5865,Write,10,Write,10,0,1,0,1,0,0,1,1,1,1,0,121,0x00,0x79,0xFF,0x00,0x77,0x00,0x00
5875,Write,10,Write,10,0,1,0,1,0,0,1,1,1,1,0,122,0x00,0x7A,0xFF,0x00,0x77,0x00,0x00
5885,Write,10,Write,10,0,1,0,1,0,0,1,1,1,1,0,123,0x00,0x7B,0xFF,0x00,0x77,0x00,0x00
5895,Write,10,Write,10,0,1,0,1,0,0,1,1,1,1,0,124,0x00,0x7C,0xFF,0x00,0x77,0x00,0x00
5905,Write,10,Write,10,0,1,0,1,0,0,1,1,1,1,0,125,0x00,0x7D,0xFF,0x00,0x77,0x00,0x00
5915,Write,10,Write,10,0,1,0,1,0,0,1,1,1,1,0,126,0x00,0x7E,0xFF,0x00,0x77,0x00,0x00
5925,Write,10,Write,10,0,1,0,1,0,0,1,1,1,1,0,127,0x00,0x7F,0xFF,0x00,0x77,0x00,0x00
5935,Write,10,Write,10,0,1,0,1,0,0,1,1,1,1,0,128,0x00,0x80,0xFF,0x00,0x77,0x00,0x00
5945,Write,10,Write,10,0,1,0,1,0,0,1,1,1,1,0,129,0x00,0x81,0xFF,0x00,0x77,0x00,0x00
5955,Write,10,Write,10,0,1,0,1,0,0,1,1,1,1,0,130,0x00,0x82,0xFF,0x00,0x77,0x00,0x00
5965,Write,10,Write,10,0,1,0,1,0,0,1,1,1,1,0,131,0x00,0x83,0xFF,0x00,0x77,0x00,0x00
5975,Write,10,Write,10,0,1,0,1,0,0,1,1,1,1,0,132,0x00,0x84,0xFF,0x00,0x77,0x00,0x00
5985,Write,10,Write,10,0,1,0,1,0,0,1,1,1,1,0,133,0x00,0x85,0xFF,0x00,0x77,0x00,0x00
5995,Write,10,Write,10,0,1,0,1,0,0,1,1,1,1,0,134,0x00,0x86,0xFF,0x00,0x77,0x00,0x00
6005,Write,10,Write,10,0,1,0,1,0,0,1,1,1,1,0,135,0x00,0x87,0xFF,0x00,0x77,0x00,0x00
6015,Write,10,Write,10,0,1,0,1,0,0,1,1,1,1,0,136,0x00,0x88,0xFF,0x00,0x77,0x00,0x00
6025,Write,10,Write,10,0,1,0,1,0,0,1,1,1,1,0,137,0x00,0x89,0xFF,0x00,0x77,0x00,0x00
6035,Write,10,Write,10,0,1,0,1,0,0,1,1,1,1,0,138,0x00,0x8A,0xFF,0x00,0x77,0x00,0x00
6045,Write,10,Write,10,0,1,0,1,0,0,1,1,1,1,0,139,0x00,0x8B,0xFF,0x00,0x77,0x00,0x00
6055,Write,10,Write,10,0,1,0,1,0,0,1,1,1,1,0,140,0x00,0x8C,0xFF,0x00,0x77,0x00,0x00
6065,Write,10,Write,10,0,1,0,1,0,0,1,1,1,1,0,141,0x00,0x8D,0xFF,0x00,0x77,0x00,0x00
6075,Write,10,Write,10,0,1,0,1,0,0,1,1,1,1,0,142,0x00,0x8E,0xFF,0x00,0x77,0x00,0x00
6085,Write,10,Write,10,0,1,0,1,0,0,1,1,1,1,0,143,0x00,0x8F,0xFF,0x00,0x77,0x00,0x00
6095,Write,10,Write,10,0,1,0,1,0,0,1,1,1,1,0,144,0x00,0x90,0xFF,0x00,0x77,0x00,0x00
6105,Write,10,Write,10,0,1,0,1,0,0,1,1,1,1,0,145,0x00,0x91,0xFF,0x00,0x77,0x00,0x00
6115,Write,10,Write,10,0,1,0,1,0,0,1,1,1,1,0,146,0x00,0x92,0xFF,0x00,0x77,0x00,0x00
6125,Write,10,Write,10,0,1,0,1,0,0,1,1,1,1,0,147,0x00,0x93,0xFF,0x00,0x77,0x00,0x00
6135,Write,10,Write,10,0,1,0,1,0,0,1,1,1,1,0,148,0x00,0x94,0xFF,0x00,0x77,0x00,0x00
6145,Write,10,Write,10,0,1,0,1,0,0,1,1,1,1,0,149,0x00,0x95,0xFF,0x00,0x77,0x00,0x00
6155,Write,10,Write,10,0,1,0,1,0,0,1,1,1,1,0,150,0x00,0x96,0xFF,0x00,0x77,0x00,0x00
6165,Write,10,Write,10,0,1,0,1,0,0,1,1,1,1,0,151,0x00,0x97,0xFF,0x00,0x77,0x00,0x00
6175,Write,10,Write,10,0,1,0,1,0,0,1,1,1,1,0,152,0x00,0x98,0xFF,0x00,0x77,0x00,0x00
6185,Write,10,Write,10,0,1,0,1,0,0,1,1,1,1,0,153,0x00,0x99,0xFF,0x00,0x77,0x00,0x00
6195,Write,10,Write,10,0,1,0,1,0,0,1,1,1,1,0,154,0x00,0x9A,0xFF,0x00,0x77,0x00,0x00
6205,Write,10,Write,10,0,1,0,1,0,0,1,1,1,1,0,155,0x00,0x9B,0xFF,0x00,0x77,0x00,0x00
6215,Write,10,Write,10,0,1,0,1,0,0,1,1,1,1,0,156,0x00,0x9C,0xFF,0x00,0x77,0x00,0x00
6225,Write,10,Write,10,0,1,0,1,0,0,1,1,1,1,0,157,0x00,0x9D,0xFF,0x00,0x77,0x00,0x00
6235,Write,10,Write,10,0,1,0,1,0,0,1,1,1,1,0,158,0x00,0x9E,0xFF,0x00,0x77,0x00,0x00
6245,Write,10,Write,10,0,1,0,1,0,0,1,1,1,1,0,159,0x00,0x9F,0xFF,0x00,0x77,0x00,0x00
6255,Write,10,Write,10,0,1,0,1,0,0,1,1,1,1,0,160,0x00,0xA0,0xFF,0x00,0x77,0x00,0x00
6265,Write,10,Write,10,0,1,0,1,0,0,1,1,1,1,0,161,0x00,0xA1,0xFF,0x00,0x77,0x00,0x00
6275,Write,10,Write,10,0,1,0,1,0,0,1,1,1,1,0,162,0x00,0xA2,0xFF,0x00,0x77,0x00,0x00
6285,Write,10,Write,10,0,1,0,1,0,0,1,1,1,1,0,163,0x00,0xA3,0xFF,0x00,0x77,0x00,0x00
6295,Write,10,Write,10,0,1,0,1,0,0,1,1,1,1,0,164,0x00,0xA4,0xFF,0x00,0x77,0x00,0x00
6305,Write,10,Write,10,0,1,0,1,0,0,1,1,1,1,0,165,0x00,0xA5,0xFF,0x00,0x77,0x00,0x00
6315,Write,10,Write,10,0,1,0,1,0,0,1,1,1,1,0,166,0x00,0xA6,0xFF,0x00,0x77,0x00,0x00
6325,Write,10,Write,10,0,1,0,1,0,0,1,1,1,1,0,167,0x00,0xA7,0xFF,0x00,0x77,0x00,0x00
6335,Write,10,Write,10,0,1,0,1,0,0,1,1,1,1,0,168,0x00,0xA8,0xFF,0x00,0x77,0x00,0x00
6345,Write,10,Write,10,0,1,0,1,0,0,1,1,1,1,0,169,0x00,0xA9,0xFF,0x00,0x77,0x00,0x00
6355,Write,10,Write,10,0,1,0,1,0,0,1,1,1,1,0,170,0x00,0xAA,0xFF,0x00,0x77,0x00,0x00
6365,Write,10,Write,10,0,1,0,1,0,0,1,1,1,1,0,171,0x00,0xAB,0xFF,0x00,0x77,0x00,0x00
6375,Write,10,Write,10,0,1,0,1,0,0,1,1,1,1,0,172,0x00,0xAC,0xFF,0x00,0x77,0x00,0x00
6385,Write,10,Write,10,0,1,0,1,0,0,1,1,1,1,0,173,0x00,0xAD,0xFF,0x00,0x77,0x00,0x00
6395,Write,10,Write,10,0,1,0,1,0,0,1,1,1,1,0,174,0x00,0xAE,0xFF,0x00,0x77,0x00,0x00
6405,Write,10,Write,10,0,1,0,1,0,0,1,1,1,1,0,175,0x00,0xAF,0xFF,0x00,0x77,0x00,0x00
6415,Write,10,Write,10,0,1,0,1,0,0,1,1,1,1,0,176,0x00,0xB0,0xFF,0x00,0x77,0x00,0x00
6425,Write,10,Write,10,0,1,0,1,0,0,1,1,1,1,0,177,0x00,0xB1,0xFF,0x00,0x77,0x00,0x00
6435,Write,10,Write,10,0,1,0,1,0,0,1,1,1,1,0,178,0x00,0xB2,0xFF,0x00,0x77,0x00,0x00
6445,Write,10,Write,10,0,1,0,1,0,0,1,1,1,1,0,179,0x00,0xB3,0xFF,0x00,0x77,0x00,0x00
6455,Write,10,Write,10,0,1,0,1,0,0,1,1,1,1,0,180,0x00,0xB4,0xFF,0x00,0x77,0x00,0x00
6465,Write,10,Write,10,0,1,0,1,0,0,1,1,1,1,0,181,0x00,0xB5,0xFF,0x00,0x77,0x00,0x00
6475,Write,10,Write,10,0,1,0,1,0,0,1,1,1,1,0,182,0x00,0xB6,0xFF,0x00,0x77,0x00,0x00
6485,Write,10,Write,10,0,1,0,1,0,0,1,1,1,1,0,183,0x00,0xB7,0xFF,0x00,0x77,0x00,0x00
6495,Write,10,Write,10,0,1,0,1,0,0,1,1,1,1,0,184,0x00,0xB8,0xFF,0x00,0x77,0x00,0x00
6505,Write,10,Write,10,0,1,0,1,0,0,1,1,1,1,0,185,0x00,0xB9,0xFF,0x00,0x77,0x00,0x00
6515,Write,10,Write,10,0,1,0,1,0,0,1,1,1,1,0,186,0x00,0xBA,0xFF,0x00,0x77,0x00,0x00
6525,Write,10,Write,10,0,1,0,1,0,0,1,1,1,1,0,187,0x00,0xBB,0xFF,0x00,0x77,0x00,0x00
6535,Write,10,Write,10,0,1,0,1,0,0,1,1,1,1,0,188,0x00,0xBC,0xFF,0x00,0x77,0x00,0x00
6545,Write,10,Write,10,0,1,0,1,0,0,1,1,1,1,0,189,0x00,0xBD,0xFF,0x00,0x77,0x00,0x00
6555,Write,10,Write,10,0,1,0,1,0,0,1,1,1,1,0,190,0x00,0xBE,0xFF,0x00,0x77,0x00,0x00
6565,Write,10,Write,10,0,1,0,1,0,0,1,1,1,1,0,191,0x00,0xBF,0xFF,0x00,0x77,0x00,0x00
6575,Write,10,Write,10,0,1,0,1,0,0,1,1,1,1,0,192,0x00,0xC0,0xFF,0x00,0x77,0x00,0x00
6585,Write,10,Write,10,0,1,0,1,0,0,1,1,1,1,0,193,0x00,0xC1,0xFF,0x00,0x77,0x00,0x00
6595,Write,10,Write,10,0,1,0,1,0,0,1,1,1,1,0,194,0x00,0xC2,0xFF,0x00,0x77,0x00,0x00
6605,Write,10,Write,10,0,1,0,1,0,0,1,1,1,1,0,195,0x00,0xC3,0xFF,0x00,0x77,0x00,0x00
6615,Write,10,Write,10,0,1,0,1,0,0,1,1,1,1,0,196,0x00,0xC4,0xFF,0x00,0x77,0x00,0x00
6625,Write,10,Write,10,0,1,0,1,0,0,1,1,1,1,0,197,0x00,0xC5,0xFF,0x00,0x77,0x00,0x00
6635,Write,10,Write,10,0,1,0,1,0,0,1,1,1,1,0,198,0x00,0xC6,0xFF,0x00,0x77,0x00,0x00
6645,Write,10,Write,10,0,1,0,1,0,0,1,1,1,1,0,199,0x00,0xC7,0xFF,0x00,0x77,0x00,0x00
6655,Write,10,Write,10,0,1,0,1,0,0,1,1,1,1,0,200,0x00,0xC8,0xFF,0x00,0x77,0x00,0x00
6665,Write,10,Write,10,0,1,0,1,0,0,1,1,1,1,0,201,0x00,0xC9,0xFF,0x00,0x77,0x00,0x00
6675,Write,10,Write,10,0,1,0,1,0,0,1,1,1,1,0,202,0x00,0xCA,0xFF,0x00,0x77,0x00,0x00
6685,Write,10,Write,10,0,1,0,1,0,0,1,1,1,1,0,203,0x00,0xCB,0xFF,0x00,0x77,0x00,0x00
6695,Write,10,Write,10,0,1,0,1,0,0,1,1,1,1,0,204,0x00,0xCC,0xFF,0x00,0x77,0x00,0x00
6705,Write,10,Write,10,0,1,0,1,0,0,1,1,1,1,0,205,0x00,0xCD,0xFF,0x00,0x77,0x00,0x00
6715,Write,10,Write,10,0,1,0,1,0,0,1,1,1,1,0,206,0x00,0xCE,0xFF,0x00,0x77,0x00,0x00
6725,Write,10,Write,10,0,1,0,1,0,0,1,1,1,1,0,207,0x00,0xCF,0xFF,0x00,0x77,0x00,0x00
6735,Write,10,Write,10,0,1,0,1,0,0,1,1,1,1,0,208,0x00,0xD0,0xFF,0x00,0x77,0x00,0x00
6745,Write,10,Write,10,0,1,0,1,0,0,1,1,1,1,0,209,0x00,0xD1,0xFF,0x00,0x77,0x00,0x00
6755,Write,10,Write,10,0,1,0,1,0,0,1,1,1,1,0,210,0x00,0xD2,0xFF,0x00,0x77,0x00,0x00
6765,Write,10,Write,10,0,1,0,1,0,0,1,1,1,1,0,211,0x00,0xD3,0xFF,0x00,0x77,0x00,0x00
6775,Write,10,Write,10,0,1,0,1,0,0,1,1,1,1,0,212,0x00,0xD4,0xFF,0x00,0x77,0x00,0x00
6785,Write,10,Write,10,0,1,0,1,0,0,1,1,1,1,0,213,0x00,0xD5,0xFF,0x00,0x77,0x00,0x00
6795,Write,10,Write,10,0,1,0,1,0,0,1,1,1,1,0,214,0x00,0xD6,0xFF,0x00,0x77,0x00,0x00
6805,Write,10,Write,10,0,1,0,1,0,0,1,1,1,1,0,215,0x00,0xD7,0xFF,0x00,0x77,0x00,0x00
6815,Write,10,Write,10,0,1,0,1,0,0,1,1,1,1,0,216,0x00,0xD8,0xFF,0x00,0x77,0x00,0x00
6825,Write,10,Write,10,0,1,0,1,0,0,1,1,1,1,0,217,0x00,0xD9,0xFF,0x00,0x77,0x00,0x00
6835,Write,10,Write,10,0,1,0,1,0,0,1,1,1,1,0,218,0x00,0xDA,0xFF,0x00,0x77,0x00,0x00
6845,Write,10,Write,10,0,1,0,1,0,0,1,1,1,1,0,219,0x00,0xDB,0xFF,0x00,0x77,0x00,0x00
6855,Write,10,Write,10,0,1,0,1,0,0,1,1,1,1,0,220,0x00,0xDC,0xFF,0x00,0x77,0x00,0x00
6865,Write,10,Write,10,0,1,0,1,0,0,1,1,1,1,0,221,0x00,0xDD,0xFF,0x00,0x77,0x00,0x00
6875,Write,10,Write,10,0,1,0,1,0,0,1,1,1,1,0,222,0x00,0xDE,0xFF,0x00,0x77,0x00,0x00
6885,Write,10,Write,10,0,1,0,1,0,0,1,1,1,1,0,223,0x00,0xDF,0xFF,0x00,0x77,0x00,0x00
6895,Write,10,Write,10,0,1,0,1,0,0,1,1,1,1,0,224,0x00,0xE0,0xFF,0x00,0x77,0x00,0x00
6905,Write,10,Write,10,0,1,0,1,0,0,1,1,1,1,0,225,0x00,0xE1,0xFF,0x00,0x77,0x00,0x00
6915,Write,10,Write,10,0,1,0,1,0,0,1,1,1,1,0,226,0x00,0xE2,0xFF,0x00,0x77,0x00,0x00
6925,Write,10,Write,10,0,1,0,1,0,0,1,1,1,1,0,227,0x00,0xE3,0xFF,0x00,0x77,0x00,0x00
6935,Write,10,Write,10,0,1,0,1,0,0,1,1,1,1,0,228,0x00,0xE4,0xFF,0x00,0x77,0x00,0x00
6945,Write,10,Write,10,0,1,0,1,0,0,1,1,1,1,0,229,0x00,0xE5,0xFF,0x00,0x77,0x00,0x00
6955,Write,10,Write,10,0,1,0,1,0,0,1,1,1,1,0,230,0x00,0xE6,0xFF,0x00,0x77,0x00,0x00
6965,Write,10,Write,10,0,1,0,1,0,0,1,1,1,1,0,231,0x00,0xE7,0xFF,0x00,0x77,0x00,0x00
6975,Write,10,Write,10,0,1,0,1,0,0,1,1,1,1,0,232,0x00,0xE8,0xFF,0x00,0x77,0x00,0x00
6985,Write,10,Write,10,0,1,0,1,0,0,1,1,1,1,0,233,0x00,0xE9,0xFF,0x00,0x77,0x00,0x00
6995,Write,10,Write,10,0,1,0,1,0,0,1,1,1,1,0,234,0x00,0xEA,0xFF,0x00,0x77,0x00,0x00
7005,Write,10,Write,10,0,1,0,1,0,0,1,1,1,1,0,235,0x00,0xEB,0xFF,0x00,0x77,0x00,0x00
7015,Write,10,Write,10,0,1,0,1,0,0,1,1,1,1,0,236,0x00,0xEC,0xFF,0x00,0x77,0x00,0x00
7025,Write,10,Write,10,0,1,0,1,0,0,1,1,1,1,0,237,0x00,0xED,0xFF,0x00,0x77,0x00,0x00
7035,Write,10,Write,10,0,1,0,1,0,0,1,1,1,1,0,238,0x00,0xEE,0xFF,0x00,0x77,0x00,0x00
7045,Write,10,Write,10,0,1,0,1,0,0,1,1,1,1,0,239,0x00,0xEF,0xFF,0x00,0x77,0x00,0x00
7055,Write,10,Write,10,0,1,0,1,0,0,1,1,1,1,0,240,0x00,0xF0,0xFF,0x00,0x77,0x00,0x00
7065,Write,10,Write,10,0,1,0,1,0,0,1,1,1,1,0,241,0x00,0xF1,0xFF,0x00,0x77,0x00,0x00
7075,Write,10,Write,10,0,1,0,1,0,0,1,1,1,1,0,242,0x00,0xF2,0xFF,0x00,0x77,0x00,0x00
7085,Write,10,Write,10,0,1,0,1,0,0,1,1,1,1,0,243,0x00,0xF3,0xFF,0x00,0x77,0x00,0x00
7095,Write,10,Write,10,0,1,0,1,0,0,1,1,1,1,0,244,0x00,0xF4,0xFF,0x00,0x77,0x00,0x00
7105,Write,10,Write,10,0,1,0,1,0,0,1,1,1,1,0,245,0x00,0xF5,0xFF,0x00,0x77,0x00,0x00
7115,Write,10,Write,10,0,1,0,1,0,0,1,1,1,1,0,246,0x00,0xF6,0xFF,0x00,0x77,0x00,0x00
7125,Write,10,Write,10,0,1,0,1,0,0,1,1,1,1,0,247,0x00,0xF7,0xFF,0x00,0x77,0x00,0x00
7135,Write,10,Write,10,0,1,0,1,0,0,1,1,1,1,0,248,0x00,0xF8,0xFF,0x00,0x77,0x00,0x00
7145,Write,10,Write,10,0,1,0,1,0,0,1,1,1,1,0,249,0x00,0xF9,0xFF,0x00,0x77,0x00,0x00
7155,Write,10,Write,10,0,1,0,1,0,0,1,1,1,1,0,250,0x00,0xFA,0xFF,0x00,0x77,0x00,0x00
7165,Write,10,Write,10,0,1,0,1,0,0,1,1,1,1,0,251,0x00,0xFB,0xFF,0x00,0x77,0x00,0x00
7175,Write,10,Write,10,0,1,0,1,0,0,1,1,1,1,0,252,0x00,0xFC,0xFF,0x00,0x77,0x00,0x00
7185,Write,10,Write,10,0,1,0,1,0,0,1,1,1,1,0,253,0x00,0xFD,0xFF,0x00,0x77,0x00,0x00
7195,Write,10,Write,10,0,1,0,1,0,0,1,1,1,1,0,254,0x00,0xFE,0xFF,0x00,0x77,0x00,0x00
7205,Write,10,Init,00,0,1,0,1,0,0,1,1,1,1,1,255,0x00,0xFF,0xFF,0x00,0x77,0x00,0x00
7215,Init,00,Init,00,0,1,0,0,1,0,0,0,0,0,0,0,0x00,0x00,0xFF,0x00,0x77,0x77,0x00
7225,Init,00,Init,00,0,0,0,0,1,0,0,0,0,0,0,0,0x00,0x00,0xFF,0x00,0x77,0x77,0x00
7235,Init,00,Init,00,0,0,0,0,1,0,0,0,0,0,0,0,0xFF,0xFF,0xFF,0x00,0x77,0x77,0x00
7245,Init,00,Init,00,0,0,0,0,1,0,0,0,0,0,0,0,0x00,0x00,0xFF,0x00,0x77,0x77,0x00
7255,Load,01,Write,10,0,1,0,1,0,1,0,0,0,0,0,0,0x00,0x00,0xFF,0x00,0x77,0x77,0x00
7265,Write,10,Write,10,0,1,0,1,0,0,1,1,1,1,0,0,0xAA,0x00,0xFF,0x00,0xBB,0x00,0x00
7275,Write,10,Write,10,0,1,0,1,0,0,1,1,1,1,0,1,0xAA,0x01,0xFF,0x00,0xBB,0x00,0x00
7285,Write,10,Write,10,0,1,0,1,0,0,1,1,1,1,0,2,0xAA,0x02,0xFF,0x00,0xBB,0x00,0x00
7295,Write,10,Write,10,0,1,0,1,0,0,1,1,1,1,0,3,0xAA,0x03,0xFF,0x00,0xBB,0x00,0x00
7305,Write,10,Write,10,0,1,0,1,0,0,1,1,1,1,0,4,0xAA,0x04,0xFF,0x00,0xBB,0x00,0x00
7315,Write,10,Write,10,0,1,0,1,0,0,1,1,1,1,0,5,0xAA,0x05,0xFF,0x00,0xBB,0x00,0x00
7325,Write,10,Write,10,0,1,0,1,0,0,1,1,1,1,0,6,0xAA,0x06,0xFF,0x00,0xBB,0x00,0x00
7335,Write,10,Write,10,0,1,0,1,0,0,1,1,1,1,0,7,0xAA,0x07,0xFF,0x00,0xBB,0x00,0x00
7345,Write,10,Write,10,0,1,0,1,0,0,1,1,1,1,0,8,0xAA,0x08,0xFF,0x00,0xBB,0x00,0x00
7355,Write,10,Write,10,0,1,0,1,0,0,1,1,1,1,0,9,0xAA,0x09,0xFF,0x00,0xBB,0x00,0x00
7365,Write,10,Write,10,0,1,0,1,0,0,1,1,1,1,0,10,0xAA,0x0A,0xFF,0x00,0xBB,0x00,0x00
7375,Write,10,Write,10,0,1,0,1,0,0,1,1,1,1,0,10,0xAA,0x0A,0xFF,0x00,0xBB,0x00,0x00
